Index,Org,User,Timestamp,Protocol,TZ,Left force @ 0ms,Left force @ 50ms,Left force @ 100ms,Left force @ 150ms,Left force @ 200ms,Left force @ 250ms,Left force @ 300ms,Left peak force,Right force @ 0ms,Right force @ 50ms,Right force @ 100ms,Right force @ 150ms,Right force @ 200ms,Right force @ 250ms,Right force @ 300ms,Right peak force,Combined force @ 0ms,Combined force @ 50ms,Combined force @ 100ms,Combined force @ 150ms,Combined force @ 200ms,Combined force @ 250ms,Combined force @ 300ms,Combined peak force
0,Liverpool,Alex Oxlade-Chamberlain,14/06/2022 10:57,easy,LHTZ,3.1,7.3,10.7,13.1,14.3,15.5,16.2,17.6,5.1,9.3,12.7,15.1,16.3,17.5,18.2,19.6,8.2,16.6,23.4,28.2,30.6,33,34.4,37.2
1,Liverpool,Alex Oxlade-Chamberlain,14/06/2022 10:57,easy,RHTZ,4.8,9.6,13.5,16.3,17.8,18.7,19.3,19.4,3.8,8.6,12.5,15.3,16.8,17.7,18.3,18.4,8.6,18.2,26,31.6,34.6,36.4,37.6,37.8
2,Liverpool,Alex Oxlade-Chamberlain,14/06/2022 10:57,easy,RHTZ,0.1,2,2,2,2,2,2,21.6,5.2,10.4,14.4,16.6,18.2,19.2,20.2,20.6,5.3,12.4,16.4,18.6,20.2,21.2,22.2,42.2
3,Liverpool,Alex Oxlade-Chamberlain,14/06/2022 10:57,easy,LHTZ,2.5,7.6,12.5,14.8,16.7,17.7,18.6,19,4.5,9.6,14.5,16.8,18.7,19.7,20.6,21,7,17.2,27,31.6,35.4,37.4,39.2,40
4,Liverpool,Alex Oxlade-Chamberlain,14/06/2022 10:57,easy,LHTZ,2.8,10.6,22.6,32,37.1,39.1,39.6,41.4,4.8,12.6,24.6,34,39.1,41.1,41.6,43.4,7.6,23.2,47.2,66,76.2,80.2,81.2,84.8
5,Liverpool,Alex Oxlade-Chamberlain,14/06/2022 10:57,easy,RHTZ,6.1,13.6,24.9,29.9,32.4,35.7,37,38.9,5.1,12.6,23.9,28.9,31.4,34.7,36,37.9,11.2,26.2,48.8,58.8,63.8,70.4,73,76.8
6,Liverpool,Alex Oxlade-Chamberlain,14/06/2022 11:36,easy,LHTZ,4.9,9.1,11.8,13.7,14.4,15.1,15.9,17.2,6.9,11.1,13.8,15.7,16.4,17.1,17.9,19.2,11.8,20.2,25.6,29.4,30.8,32.2,33.8,36.4
7,Liverpool,Alex Oxlade-Chamberlain,14/06/2022 11:36,easy,RHTZ,6.5,9.8,12.2,14,15,16.2,16.7,16.8,5.5,8.8,11.2,13,14,15.2,15.7,15.8,12,18.6,23.4,27,29,31.4,32.4,32.6
8,Liverpool,Alex Oxlade-Chamberlain,14/06/2022 11:36,easy,LHTZ,3.1,8.4,11.8,14.1,15.5,16.9,0,18.4,5.1,10.4,13.8,16.1,17.5,18.9,0,20.4,8.2,18.8,25.6,30.2,33,35.8,0,38.8
9,Liverpool,Alex Oxlade-Chamberlain,14/06/2022 11:36,easy,RHTZ,6.1,10.4,14.1,16.6,18.1,19.5,20.6,22.1,5.1,9.4,13.1,15.6,17.1,18.5,19.6,21.1,11.2,19.8,27.2,32.2,35.2,38,40.2,43.2
10,Liverpool,Alex Oxlade-Chamberlain,14/06/2022 11:36,easy,RHTZ,4.7,8.7,12.3,14.6,17,18.5,18.8,20.2,3.7,7.7,11.3,13.6,16,17.5,17.8,19.2,8.4,16.4,23.6,28.2,33,36,36.6,39.4
11,Liverpool,Alex Oxlade-Chamberlain,14/06/2022 11:36,easy,LHTZ,4,8.8,12.9,15.6,17.4,18.8,19.1,19.1,6,10.8,14.9,17.6,19.4,20.8,21.1,21.1,10,19.6,27.8,33.2,36.8,39.6,40.2,40.2
12,Liverpool,Alex Oxlade-Chamberlain,14/06/2022 11:36,easy,LHTZ,1.3,5.3,10.1,12.9,14.7,16.4,17.6,19.9,3.3,7.3,12.1,14.9,16.7,18.4,19.6,21.9,4.6,12.6,22.2,27.8,31.4,34.8,37.2,41.8
13,Liverpool,Alex Oxlade-Chamberlain,22/08/2022 10:20,50m sprint test (LHTZ),LHTZ,2,7.4,15.5,21.3,24.4,23.3,21.8,36.8,4,9.4,17.5,23.3,26.4,25.3,23.8,38.8,6,16.8,33,44.6,50.8,48.6,45.6,75.6
14,Liverpool,Alex Oxlade-Chamberlain,22/08/2022 10:54,50m sprint test (LHTZ),LHTZ,2.4,6.8,12.8,15.8,17.3,17.9,17.8,30.5,4.4,8.8,14.8,17.8,19.3,19.9,19.8,32.5,6.8,15.6,27.6,33.6,36.6,37.8,37.6,63
15,Liverpool,Alex Oxlade-Chamberlain,22/08/2022 11:47,50m sprint test (LHTZ),LHTZ,4.1,7.8,10.5,12.2,12.4,12.3,12.4,26.3,6.1,9.8,12.5,14.2,14.4,14.3,14.4,28.3,10.2,17.6,23,26.4,26.8,26.6,26.8,54.6
16,Liverpool,Alex Oxlade-Chamberlain,22/08/2022 11:47,50m sprint test (LHTZ),LHTZ,1.6,5.9,12.1,13.5,12.9,12.1,12.2,27.4,3.6,7.9,14.1,15.5,14.9,14.1,14.2,29.4,5.2,13.8,26.2,29,27.8,26.2,26.4,56.8
17,Liverpool,Alex Oxlade-Chamberlain,22/08/2022 11:55,50m sprint test (LHTZ),LHTZ,1.9,6.1,10.9,13.5,14.1,14.5,14,33.3,3.9,8.1,12.9,15.5,16.1,16.5,16,35.3,5.8,14.2,23.8,29,30.2,31,30,68.6
18,Liverpool,Alex Oxlade-Chamberlain,22/08/2022 11:55,50m sprint test (LHTZ),LHTZ,8.7,12.8,19.6,23.6,26,27.3,28,29,10.7,14.8,21.6,25.6,28,29.3,30,31,19.4,27.6,41.2,49.2,54,56.6,58,60
19,Liverpool,Alex Oxlade-Chamberlain,22/08/2022 12:07,50m sprint test (LHTZ),LHTZ,2.2,6.2,11.1,14,15.7,16.7,17.9,29.8,4.2,8.2,13.1,16,17.7,18.7,19.9,31.8,6.4,14.4,24.2,30,33.4,35.4,37.8,61.6
20,Liverpool,Alex Oxlade-Chamberlain,22/08/2022 12:16,50m sprint test (LHTZ),LHTZ,1.6,5.7,11.4,15.2,16.8,17.3,16.8,27.7,3.6,7.7,13.4,17.2,18.8,19.3,18.8,29.7,5.2,13.4,24.8,32.4,35.6,36.6,35.6,57.4
21,Liverpool,Alex Oxlade-Chamberlain,22/08/2022 12:33,50m sprint test (LHTZ),LHTZ,1.8,5.9,10.3,11.2,11.9,12,12.5,31.2,3.8,7.9,12.3,13.2,13.9,14,14.5,33.2,5.6,13.8,22.6,24.4,25.8,26,27,64.4
22,Liverpool,Alex Oxlade-Chamberlain,22/08/2022 12:33,50m sprint test (LHTZ),LHTZ,2.4,7.3,12.6,14.2,14.5,13.6,14.2,23.9,4.4,9.3,14.6,16.2,16.5,15.6,16.2,25.9,6.8,16.6,27.2,30.4,31,29.2,30.4,49.8
23,Liverpool,Alex Oxlade-Chamberlain,22/08/2022 12:47,50m sprint test (LHTZ),LHTZ,3.2,6.4,7.9,9.5,10.3,10.7,10.8,36.8,5.2,8.4,9.9,11.5,12.3,12.7,12.8,38.8,8.4,14.8,17.8,21,22.6,23.4,23.6,75.6
24,Liverpool,Alex Oxlade-Chamberlain,22/08/2022 12:47,50m sprint test (LHTZ),LHTZ,1.1,4.9,9.5,12.6,13.8,14.3,0,14.6,3.1,6.9,11.5,14.6,15.8,16.3,0,16.6,4.2,11.8,21,27.2,29.6,30.6,0,31.2
25,Liverpool,Alex Oxlade-Chamberlain,22/08/2022 12:47,50m sprint test (LHTZ),LHTZ,3.9,7.4,10.6,12.3,12.5,13.4,13.2,32.2,5.9,9.4,12.6,14.3,14.5,15.4,15.2,34.2,9.8,16.8,23.2,26.6,27,28.8,28.4,66.4
26,Liverpool,Alex Oxlade-Chamberlain,22/08/2022 12:59,50m sprint test (LHTZ),LHTZ,3.3,7.6,13.2,17.7,19.6,20.7,0,20.7,5.3,9.6,15.2,19.7,21.6,22.7,0,22.7,8.6,17.2,28.4,37.4,41.2,43.4,0,43.4
27,Liverpool,Alex Oxlade-Chamberlain,22/08/2022 13:14,50m sprint test (LHTZ),LHTZ,1.5,5.7,10.6,13.3,13.2,12.9,12.9,30.2,3.5,7.7,12.6,15.3,15.2,14.9,14.9,32.2,5,13.4,23.2,28.6,28.4,27.8,27.8,62.4
28,Liverpool,Alex Oxlade-Chamberlain,22/08/2022 13:19,50m sprint test (LHTZ),LHTZ,2.3,6.1,8.9,10.6,11.5,12.6,12.5,35.4,4.3,8.1,10.9,12.6,13.5,14.6,14.5,37.4,6.6,14.2,19.8,23.2,25,27.2,27,72.8
29,Liverpool,Alex Oxlade-Chamberlain,22/08/2022 13:44,50m sprint test (LHTZ),LHTZ,3.8,7.9,12.7,15.8,18.3,18.9,0,18.9,5.8,9.9,14.7,17.8,20.3,20.9,0,20.9,9.6,17.8,27.4,33.6,38.6,39.8,0,39.8
30,Liverpool,Alex Oxlade-Chamberlain,22/08/2022 13:51,50m sprint test (LHTZ),LHTZ,2.2,9.4,16.3,19.4,20.5,19.2,20.1,33.4,4.2,9.4,18.3,21.4,22.5,21.2,22.1,35.4,6.4,18.8,34.6,40.8,43,40.4,42.2,68.8
31,Liverpool,Alex Oxlade-Chamberlain,22/08/2022 13:57,config1,LHTZ,1.6,6.3,13.5,18.6,21.3,23.4,24.7,26.6,3.6,8.3,15.5,20.6,23.3,25.4,26.7,28.6,5.2,14.6,29,39.2,44.6,48.8,51.4,55.2
32,Liverpool,Alex Oxlade-Chamberlain,22/08/2022 13:57,config1,LHTZ,1.5,6.1,13.4,18.9,22.5,25.2,26.1,26.1,3.5,8.1,15.4,20.9,24.5,27.2,28.1,28.1,5,14.2,28.8,39.8,47,52.4,54.2,54.2
33,Liverpool,Alex Oxlade-Chamberlain,24/08/2022 13:41,config1,LHTZ,3.1,22.3,35,38.2,35.6,29.5,20.6,39.7,5.5,25.7,44.5,47.5,47.3,43.5,36.8,50.4,8.6,48,79.5,85.7,82.9,73,57.4,90.1
34,Liverpool,Alex Oxlade-Chamberlain,24/08/2022 13:41,config1,LHTZ,8.3,8.8,23.6,27.5,29.3,28.7,30.6,32.3,7,17.6,27.2,37.6,40.5,41.6,40.6,44.5,15.3,26.4,50.8,65.1,69.8,70.3,71.2,76.8
35,Liverpool,Alex Oxlade-Chamberlain,24/08/2022 13:41,config1,LHTZ,0.3,8.3,24,34.2,35.3,31.1,23.2,37.4,10.3,16.8,31.8,44,42.6,38.1,37.5,48.2,10.6,25.1,55.8,78.2,77.9,69.2,60.7,85.6
36,Liverpool,Alex Oxlade-Chamberlain,30/08/2022 14:03,50m sprint test (LHTZ),LHTZ,1.1,5.2,9,15.6,17.8,18.7,19.5,19.8,3.1,7.2,13,17.6,19.8,20.7,21.5,21.8,4.2,12.4,22,33.2,37.6,39.4,41,41.6
37,Liverpool,Alex Oxlade-Chamberlain,30/08/2022 14:06,50m sprint test (LHTZ),LHTZ,1,3.8,9.5,13.4,15.7,17.2,18.2,18.2,3,5.8,11.5,15.4,17.7,19.2,20.2,20.2,4,9.6,21,28.8,33.4,36.4,38.4,38.4
38,Liverpool,Alex Oxlade-Chamberlain,30/08/2022 14:06,50m sprint test (LHTZ),LHTZ,0.9,4.8,8.5,14.4,16.2,17.7,18.5,18.6,2.9,6.8,12.8,16.4,18.2,19.7,20.5,20.6,3.8,11.6,21.3,30.8,34.4,37.4,39,39.2
39,Liverpool,Alex Oxlade-Chamberlain,30/08/2022 14:12,50m sprint test (LHTZ),LHTZ,1.1,4.8,11.1,16.3,18,18.8,18.3,18.9,3.1,6.8,13.1,18.3,20,20.8,20.3,20.9,4.2,11.6,24.2,34.6,38,39.6,38.6,39.8
40,Liverpool,Alex Oxlade-Chamberlain,30/08/2022 14:37,50m sprint test (LHTZ),LHTZ,1.4,5.8,11.3,15.5,17.4,18.5,18.5,18.7,3.4,7.8,13.3,17.5,19.4,20.5,20.5,20.7,4.8,13.6,24.6,33,36.8,39,39,39.4
41,Liverpool,Alex Oxlade-Chamberlain,01/09/2022 06:34,50m sprint test (LHTZ),LHTZ,1.9,6.2,14.9,21.5,26.3,28.9,28.5,29.2,2,6.3,15,21.6,26.4,29,28.6,29.3,3.9,12.5,29.9,43.1,52.7,57.9,57.1,58.5
42,Liverpool,Alex Oxlade-Chamberlain,01/09/2022 06:34,50m sprint test (LHTZ),RHTZ,2.1,6.2,17.7,25.7,29.3,31,31.1,31.2,2.1,6.2,17.7,25.7,29.3,31,31.1,31.2,4.2,12.4,35.4,51.4,58.6,62,62.2,62.4
43,Liverpool,Alex Oxlade-Chamberlain,01/09/2022 06:34,50m sprint test (LHTZ),LHTZ,2,6.3,17.7,26.1,30,31.2,32.1,32.2,2,6.3,17.7,26.1,30,31.2,32.1,32.2,4,12.6,35.4,52.2,60,62.4,64.2,64.4
44,Liverpool,Alisson,31/05/2022 14:16,easy,LHTZ,3.2,7.9,11,12.6,13.5,14.3,15.1,15.6,3.2,7.9,11,12.6,13.5,14.3,15.1,15.6,6.4,15.8,22,25.2,27,28.6,30.2,31.2
45,Liverpool,Alisson,31/05/2022 14:18,easy,LHTZ,4.2,11.3,18.8,23.9,26.8,0,0,27,4.2,11.3,18.8,23.9,26.8,0,0,27,8.4,22.6,37.6,47.8,53.6,0,0,54
46,Liverpool,Alisson,31/05/2022 14:18,easy,RHTZ,1.5,9.1,18.8,23.9,26.1,27.4,28.1,28.1,1.5,9.1,18.8,23.9,26.1,27.4,28.1,28.1,3,18.2,37.6,47.8,52.2,54.8,56.2,56.2
47,Liverpool,Alisson,31/05/2022 14:18,easy,LHTZ,2.4,9.1,17,22.2,24.6,26,0,26.1,2.4,9.1,17,22.2,24.6,26,0,26.1,4.8,18.2,34,44.4,49.2,52,0,52.2
48,Liverpool,Alisson,31/05/2022 14:18,easy,RHTZ,2.7,9.6,18.7,25,28.2,0,0,29.5,2.7,9.6,18.7,25,28.2,0,0,29.5,5.4,19.2,37.4,50,56.4,0,0,59
49,Liverpool,Alisson,31/05/2022 14:18,easy,LHTZ,1.8,8.7,16.5,21.9,25.9,28.8,30.6,32.8,1.8,8.7,16.5,21.9,25.9,28.8,30.6,32.8,3.6,17.4,33,43.8,51.8,57.6,61.2,65.6
50,Liverpool,Alisson,31/05/2022 14:18,easy,RHTZ,2.6,9.7,20.1,26.4,29.9,32.2,34,34,2.6,9.7,20.1,26.4,29.9,32.2,34,34,5.2,19.4,40.2,52.8,59.8,64.4,68,68
51,Liverpool,Alisson,31/05/2022 15:07,easy,LHTZ,4.7,10.7,17.4,21.6,24.2,25.2,0,25.9,4.7,10.7,17.4,21.6,24.2,25.2,0,25.9,9.4,21.4,34.8,43.2,48.4,50.4,0,51.8
52,Liverpool,Alisson,31/05/2022 15:10,easy,LHTZ,4.4,9.9,18.5,23.3,25.7,27.9,29.2,30.1,4.4,9.9,18.5,23.3,25.7,27.9,29.2,30.1,8.8,19.8,37,46.6,51.4,55.8,58.4,60.2
53,Liverpool,Alisson,31/05/2022 15:11,easy,LHTZ,3.3,9.4,16.3,21.6,25.7,28.7,30.7,33.4,3.3,9.4,16.3,21.6,25.7,28.7,30.7,33.4,6.6,18.8,32.6,43.2,51.4,57.4,61.4,66.8
54,Liverpool,Alisson,31/05/2022 15:13,easy,LHTZ,4.1,9.1,14.5,19.1,22.4,25.2,26.9,27.1,4.1,9.1,14.5,19.1,22.4,25.2,26.9,27.1,8.2,18.2,29,38.2,44.8,50.4,53.8,54.2
55,Liverpool,Alisson,31/05/2022 15:13,easy,RHTZ,5,9.5,13.2,15.5,17.5,19.3,20.8,22.2,5,9.5,13.2,15.5,17.5,19.3,20.8,22.2,10,19,26.4,31,35,38.6,41.6,44.4
56,Liverpool,Alisson,31/05/2022 15:13,easy,LHTZ,3,8.1,13.8,17.9,20.2,21.9,22.4,22.4,3,8.1,13.8,17.9,20.2,21.9,22.4,22.4,6,16.2,27.6,35.8,40.4,43.8,44.8,44.8
57,Liverpool,Alisson,31/05/2022 15:26,easy,LHTZ,3.3,7.9,11.4,13.4,14.6,15.2,15.5,15.6,3.3,7.9,11.4,13.4,14.6,15.2,15.5,15.6,6.6,15.8,22.8,26.8,29.2,30.4,31,31.2
58,Liverpool,Alisson,31/05/2022 15:29,easy,LHTZ,3.7,8.2,11.9,13.2,14,14.9,15.2,15.3,3.7,8.2,11.9,13.2,14,14.9,15.2,15.3,7.4,16.4,23.8,26.4,28,29.8,30.4,30.6
59,Liverpool,Alisson,31/05/2022 15:29,easy,RHTZ,1.1,9.4,20,27.6,31.8,33.4,0,34.8,1.1,9.4,20,27.6,31.8,33.4,0,34.8,2.2,18.8,40,55.2,63.6,66.8,0,69.6
60,Liverpool,Alisson,31/05/2022 15:29,easy,RHTZ,4.1,8.5,11.6,13.4,0,0,0,14,4.1,8.5,11.6,13.4,0,0,0,14,8.2,17,23.2,26.8,0,0,0,28
61,Liverpool,Alisson,31/05/2022 15:40,easy,LHTZ,3.1,7.9,12.8,15.9,17.6,18.2,18.5,18.5,3.1,7.9,12.8,15.9,17.6,18.2,18.5,18.5,6.2,15.8,25.6,31.8,35.2,36.4,37,37
62,Liverpool,Alisson,31/05/2022 15:40,easy,RHTZ,3.2,7.5,10.5,12.4,13.8,14.5,15,15.1,3.2,7.5,10.5,12.4,13.8,14.5,15,15.1,6.4,15,21,24.8,27.6,29,30,30.2
63,Liverpool,Alisson,31/05/2022 15:40,easy,LHTZ,1.8,6.9,10.8,13.3,15,16,0,16.3,1.8,6.9,10.8,13.3,15,16,0,16.3,3.6,13.8,21.6,26.6,30,32,0,32.6
64,Liverpool,Alisson,31/05/2022 15:40,easy,RHTZ,4,11,20.6,27.6,31.8,34.8,37,40.1,4,11,20.6,27.6,31.8,34.8,37,40.1,8,22,41.2,55.2,63.6,69.6,74,80.2
65,Liverpool,Alisson,31/05/2022 15:42,easy,LHTZ,2.9,7.5,11.5,13.8,14.5,0,0,14.5,2.9,7.5,11.5,13.8,14.5,0,0,14.5,5.8,15,23,27.6,29,0,0,29
66,Liverpool,Alisson,31/05/2022 15:42,easy,LHTZ,2.2,10.2,19.6,26.3,31.6,35.3,37.7,40.1,2.2,10.2,19.6,26.3,31.6,35.3,37.7,40.1,4.4,20.4,39.2,52.6,63.2,70.6,75.4,80.2
67,Liverpool,Alisson,31/05/2022 15:42,easy,RHTZ,4.4,9.2,14.5,18.2,20.6,21.6,0,21.6,4.4,9.2,14.5,18.2,20.6,21.6,0,21.6,8.8,18.4,29,36.4,41.2,43.2,0,43.2
68,Liverpool,Alisson,31/05/2022 15:59,easy,LHTZ,3.8,8.5,12.6,14.5,15.7,16,0,16,3.8,8.5,12.6,14.5,15.7,16,0,16,7.6,17,25.2,29,31.4,32,0,32
69,Liverpool,Alisson,31/05/2022 15:59,easy,LHTZ,4.1,8,10.8,12.7,0,0,0,12.8,4.1,8,10.8,12.7,0,0,0,12.8,8.2,16,21.6,25.4,0,0,0,25.6
70,Liverpool,Alisson,31/05/2022 15:59,easy,LHTZ,1.9,9.2,18.3,24.8,29.8,33.3,36.1,41.1,1.9,9.2,18.3,24.8,29.8,33.3,36.1,41.1,3.8,18.4,36.6,49.6,59.6,66.6,72.2,82.2
71,Liverpool,Alisson,31/05/2022 15:59,easy,LHTZ,2,9.2,19,27.3,33.9,38.7,42.1,42.3,2,9.2,19,27.3,33.9,38.7,42.1,42.3,4,18.4,38,54.6,67.8,77.4,84.2,84.6
72,Liverpool,Alisson,31/05/2022 16:07,easy,LHTZ,1.7,7.4,13,16.2,18.1,0,0,18.6,1.7,7.4,13,16.2,18.1,0,0,18.6,3.4,14.8,26,32.4,36.2,0,0,37.2
73,Liverpool,Alisson,31/05/2022 16:07,easy,LHTZ,1.6,7.4,13.4,16,16.9,0,0,16.9,1.6,7.4,13.4,16,16.9,0,0,16.9,3.2,14.8,26.8,32,33.8,0,0,33.8
74,Liverpool,Alisson,31/05/2022 16:07,easy,LHTZ,2.8,8.9,16.3,22.7,27.6,31.3,34.6,40.1,2.8,8.9,16.3,22.7,27.6,31.3,34.6,40.1,5.6,17.8,32.6,45.4,55.2,62.6,69.2,80.2
75,Liverpool,Alisson,31/05/2022 16:07,easy,LHTZ,2,8.8,17.7,23.1,28,30.9,33.6,35.6,2,8.8,17.7,23.1,28,30.9,33.6,35.6,4,17.6,35.4,46.2,56,61.8,67.2,71.2
76,Liverpool,Alisson,31/05/2022 16:07,easy,RHTZ,2.5,8.5,16.4,23.6,29.8,34.1,36.9,41.3,2.5,8.5,16.4,23.6,29.8,34.1,36.9,41.3,5,17,32.8,47.2,59.6,68.2,73.8,82.6
77,Liverpool,Alisson,31/05/2022 16:07,easy,RHTZ,3.2,8.3,15,21,25.7,28.4,29.2,29.5,3.2,8.3,15,21,25.7,28.4,29.2,29.5,6.4,16.6,30,42,51.4,56.8,58.4,59
78,Liverpool,Alisson,31/05/2022 16:07,easy,RHTZ,2.9,9.2,17.9,23.7,28,31.4,33.5,37.3,2.9,9.2,17.9,23.7,28,31.4,33.5,37.3,5.8,18.4,35.8,47.4,56,62.8,67,74.6
79,Liverpool,Alisson,31/05/2022 16:07,easy,RHTZ,2.9,9.7,19.8,25.2,29.5,32,33.6,34.8,2.9,9.7,19.8,25.2,29.5,32,33.6,34.8,5.8,19.4,39.6,50.4,59,64,67.2,69.6
80,Liverpool,Alisson,31/05/2022 16:07,easy,RHTZ,2.3,7,11.1,13.8,15.3,16,0,16,2.3,7,11.1,13.8,15.3,16,0,16,4.6,14,22.2,27.6,30.6,32,0,32
81,Liverpool,Alisson,31/05/2022 16:28,easy,LHTZ,2.2,6.8,10.3,12,12.6,12.9,0,12.9,2.2,6.8,10.3,12,12.6,12.9,0,12.9,4.4,13.6,20.6,24,25.2,25.8,0,25.8
82,Liverpool,Alisson,31/05/2022 16:28,easy,LHTZ,5.5,10.2,14.6,17.5,19.3,20.5,21.2,21.4,5.5,10.2,14.6,17.5,19.3,20.5,21.2,21.4,11,20.4,29.2,35,38.6,41,42.4,42.8
83,Liverpool,Alisson,31/05/2022 16:30,easy,LHTZ,2.8,8,13.1,16.1,0,0,0,16.8,2.8,8,13.1,16.1,0,0,0,16.8,5.6,16,26.2,32.2,0,0,0,33.6
84,Liverpool,Alisson,31/05/2022 16:30,easy,LHTZ,2.1,7.2,14.6,21.6,25.7,0,0,26,2.1,7.2,14.6,21.6,25.7,0,0,26,4.2,14.4,29.2,43.2,51.4,0,0,52
85,Liverpool,Alisson,31/05/2022 16:30,easy,LHTZ,3.1,10.7,20.3,28.6,34.3,36.1,0,36.2,3.1,10.7,20.3,28.6,34.3,36.1,0,36.2,6.2,21.4,40.6,57.2,68.6,72.2,0,72.4
86,Liverpool,Alisson,31/05/2022 16:30,easy,RHTZ,2.8,8.1,12.9,14.6,0,0,0,14.6,2.8,8.1,12.9,14.6,0,0,0,14.6,5.6,16.2,25.8,29.2,0,0,0,29.2
87,Liverpool,Alisson,31/05/2022 16:30,easy,RHTZ,2.3,9,16.4,20.2,0,0,0,21.4,2.3,9,16.4,20.2,0,0,0,21.4,4.6,18,32.8,40.4,0,0,0,42.8
88,Liverpool,Alisson,31/05/2022 16:30,easy,RHTZ,2,8,13.6,17.5,19.6,21,22.1,26.1,2,8,13.6,17.5,19.6,21,22.1,26.1,4,16,27.2,35,39.2,42,44.2,52.2
89,Liverpool,Alisson,31/05/2022 16:30,easy,RHTZ,3.1,9,16.1,21.5,24.4,26.5,27.7,28.1,3.1,9,16.1,21.5,24.4,26.5,27.7,28.1,6.2,18,32.2,43,48.8,53,55.4,56.2
90,Liverpool,Alisson,31/05/2022 16:30,easy,RHTZ,3.7,8.8,18.2,26.3,32.7,36,37.5,37.5,3.7,8.8,18.2,26.3,32.7,36,37.5,37.5,7.4,17.6,36.4,52.6,65.4,72,75,75
91,Liverpool,Alisson,06/06/2022 06:23,easy,LHTZ,3.6,7.2,10,12,13.8,0,0,14.3,3.6,7.2,10,12,13.8,0,0,14.3,7.2,14.4,20,24,27.6,0,0,28.6
92,Liverpool,Alisson,06/06/2022 06:23,easy,RHTZ,2.2,6.6,9.5,12.2,13.6,0,0,13.6,2.2,6.6,9.5,12.2,13.6,0,0,13.6,4.4,13.2,19,24.4,27.2,0,0,27.2
93,Liverpool,Alisson,06/06/2022 06:23,easy,RHTZ,4.4,8.5,11,12.9,14.2,14.5,15.1,15.2,4.4,8.5,11,12.9,14.2,14.5,15.1,15.2,8.8,17,22,25.8,28.4,29,30.2,30.4
94,Liverpool,Alisson,06/06/2022 06:23,easy,LHTZ,3.6,7.8,11.1,12.6,13.5,14.6,0,14.7,3.6,7.8,11.1,12.6,13.5,14.6,0,14.7,7.2,15.6,22.2,25.2,27,29.2,0,29.4
95,Liverpool,Alisson,06/06/2022 06:45,new,LHTZ,4.1,8.6,12,14.5,16.6,17.2,18,18.3,4.1,8.6,12,14.5,16.6,17.2,18,18.3,8.2,17.2,24,29,33.2,34.4,36,36.6
96,Liverpool,Alisson,06/06/2022 06:45,new,RHTZ,2.5,8,12.1,15.3,17,17.8,0,17.9,2.5,8,12.1,15.3,17,17.8,0,17.9,5,16,24.2,30.6,34,35.6,0,35.8
97,Liverpool,Alisson,06/06/2022 06:45,new,RHTZ,3.1,8.5,13.4,16.9,19.1,0,0,19.3,3.1,8.5,13.4,16.9,19.1,0,0,19.3,6.2,17,26.8,33.8,38.2,0,0,38.6
98,Liverpool,Alisson,06/06/2022 06:45,new,LHTZ,3.4,9,13.2,16.2,17,18,18.6,18.7,3.4,9,13.2,16.2,17,18,18.6,18.7,6.8,18,26.4,32.4,34,36,37.2,37.4
99,Liverpool,Alisson,06/06/2022 09:21,My protocol (monitor),LHTZ,3.5,8.2,11.6,13.5,14.9,16.2,16.8,17.6,3.5,8.2,11.6,13.5,14.9,16.2,16.8,17.6,7,16.4,23.2,27,29.8,32.4,33.6,35.2
100,Liverpool,Alisson,06/06/2022 09:21,My protocol (monitor),RHTZ,2.2,7,11.1,14.1,15.7,17.2,17.8,18,2.2,7,11.1,14.1,15.7,17.2,17.8,18,4.4,14,22.2,28.2,31.4,34.4,35.6,36
101,Liverpool,Alisson,06/06/2022 09:21,My protocol (monitor),RHTZ,2.3,7.8,12.3,14.9,16.6,17.6,18.1,18.1,2.3,7.8,12.3,14.9,16.6,17.6,18.1,18.1,4.6,15.6,24.6,29.8,33.2,35.2,36.2,36.2
102,Liverpool,Alisson,06/06/2022 09:21,My protocol (monitor),LHTZ,5,9.1,12.3,14.5,16.5,16.9,0,16.9,5,9.1,12.3,14.5,16.5,16.9,0,16.9,10,18.2,24.6,29,33,33.8,0,33.8
103,Liverpool,Alisson,06/06/2022 09:27,My protocol (monitor),LHTZ,3.9,8.7,12.6,14.9,16.3,17.6,17.7,17.7,3.9,8.7,12.6,14.9,16.3,17.6,17.7,17.7,7.8,17.4,25.2,29.8,32.6,35.2,35.4,35.4
104,Liverpool,Alisson,06/06/2022 09:27,My protocol (monitor),RHTZ,1.7,6.7,11.3,14.7,16.6,17.9,0,17.9,1.7,6.7,11.3,14.7,16.6,17.9,0,17.9,3.4,13.4,22.6,29.4,33.2,35.8,0,35.8
105,Liverpool,Alisson,06/06/2022 09:27,My protocol (monitor),LHTZ,1.5,7.4,13.5,16.3,17.9,0,0,17.9,1.5,7.4,13.5,16.3,17.9,0,0,17.9,3,14.8,27,32.6,35.8,0,0,35.8
106,Liverpool,Alisson,06/06/2022 09:27,My protocol (monitor),RHTZ,3.2,8,11.8,13.2,0,0,0,13.2,3.2,8,11.8,13.2,0,0,0,13.2,6.4,16,23.6,26.4,0,0,0,26.4
107,Liverpool,Alisson,06/06/2022 10:27,easy,LHTZ,3.3,8.1,12.8,16.8,18.7,18.9,0,18.9,3.3,8.1,12.8,16.8,18.7,18.9,0,18.9,6.6,16.2,25.6,33.6,37.4,37.8,0,37.8
108,Liverpool,Alisson,06/06/2022 10:27,easy,RHTZ,2.9,8.3,12.6,15.5,17.6,18.5,0,18.5,2.9,8.3,12.6,15.5,17.6,18.5,0,18.5,5.8,16.6,25.2,31,35.2,37,0,37
109,Liverpool,Alisson,06/06/2022 10:27,easy,RHTZ,2.2,8.6,15.2,18.8,19.6,20.6,21,21.4,2.2,8.6,15.2,18.8,19.6,20.6,21,21.4,4.4,17.2,30.4,37.6,39.2,41.2,42,42.8
110,Liverpool,Alisson,08/06/2022 11:11,config1,RHTZ,4.9,8.9,12,14,15.4,16.6,16.9,17.4,3.9,7.9,11,13,14.4,15.6,15.9,16.4,8.8,16.8,23,27,29.8,32.2,32.8,33.8
111,Liverpool,Alisson,08/06/2022 11:11,config1,LHTZ,2.1,8,13.3,15.9,17.3,18.2,18.3,18.3,4.1,10,15.3,17.9,19.3,20.2,20.3,20.3,6.2,18,28.6,33.8,36.6,38.4,38.6,38.6
112,Liverpool,Alisson,08/06/2022 11:11,config1,RHTZ,3.4,8.8,13.6,16,17.6,18.5,19.1,19.2,2.4,7.8,12.6,15,16.6,17.5,18.1,18.2,5.8,16.6,26.2,31,34.2,36,37.2,37.4
113,Liverpool,Alisson,08/06/2022 12:51,config1,LHTZ,2.1,6.4,10,12.4,13.7,14.5,15.1,15.1,4.1,8.4,12,14.4,15.7,16.5,17.1,17.1,6.2,14.8,22,26.8,29.4,31,32.2,32.2
114,Liverpool,Alisson,09/06/2022 07:44,config1,LHTZ,1.9,6.8,12.1,15,17,18.4,18.9,19.4,3.9,8.8,14.1,17,19,20.4,20.9,21.4,5.8,15.6,26.2,32,36,38.8,39.8,40.8
115,Liverpool,Alisson,09/06/2022 07:44,config1,RHTZ,2.9,9.8,15.7,18.7,20.3,21.2,21.4,21.4,1.9,8.8,14.7,17.7,19.3,20.2,20.4,20.4,4.8,18.6,30.4,36.4,39.6,41.4,41.8,41.8
116,Liverpool,Alisson,09/06/2022 07:44,config1,LHTZ,2.1,7.5,11.1,13.5,0,0,0,14,4.1,9.5,13.1,15.5,0,0,0,16,6.2,17,24.2,29,0,0,0,30
117,Liverpool,Alisson,09/06/2022 07:44,config1,RHTZ,4.2,9.4,13.6,16,0,0,0,16.3,3.2,8.4,12.6,15,0,0,0,15.3,7.4,17.8,26.2,31,0,0,0,31.6
118,Liverpool,Alisson,09/06/2022 07:44,config1,LHTZ,2.2,8.6,14,16.9,18.1,18.6,0,18.6,4.2,10.6,16,18.9,20.1,20.6,0,20.6,6.4,19.2,30,35.8,38.2,39.2,0,39.2
119,Liverpool,Alisson,09/06/2022 07:44,config1,RHTZ,4.8,10.2,14.9,17.8,18.9,19.6,0,19.9,3.8,9.2,13.9,16.8,17.9,18.6,0,18.9,8.6,19.4,28.8,34.6,36.8,38.2,0,38.8
120,Liverpool,Alisson,09/06/2022 08:29,config1,LHTZ,4,8.8,9.7,4.7,15.2,14.8,0.1,16.1,6,9.3,13.9,6.7,17.2,16.8,2,18.1,10,18.1,23.6,11.4,32.4,31.6,2.1,34.2
121,Liverpool,Alisson,09/06/2022 09:28,config1,LHTZ,2.7,7.5,9.7,13.1,14.5,15.4,15.8,16.1,4.7,9.5,13.1,15.1,16.5,17.4,17.8,18.1,7.4,17,22.8,28.2,31,32.8,33.6,34.2
122,Liverpool,Alisson,09/06/2022 11:34,easy,LHTZ,2.9,8.5,14.3,16.8,18,17.7,0,18.4,4.9,9.9,16.3,18.8,20,19.7,0,20.4,7.8,18.4,30.6,35.6,38,37.4,0,38.8
123,Liverpool,Alisson,09/06/2022 11:34,easy,RHTZ,3.9,9.6,14.9,17.3,18.3,18.2,0,18.4,2.9,8.6,13.9,16.3,17.3,17.2,0,17.4,6.8,18.2,28.8,33.6,35.6,35.4,0,35.8
124,Liverpool,Alisson,09/06/2022 11:34,easy,LHTZ,2.9,7.5,11.2,13.4,14.7,15.4,0,15.4,4.9,9.5,13.2,15.4,16.7,17.4,0,17.4,7.8,17,24.4,28.8,31.4,32.8,0,32.8
125,Liverpool,Alisson,09/06/2022 12:12,easy,LHTZ,2,7.5,11.9,14,15.3,16.6,17,17.2,4,9.5,13.9,16,17.3,18.6,19,19.2,6,17,25.8,30,32.6,35.2,36,36.4
126,Liverpool,Alisson,14/06/2022 11:36,easy,LHTZ,2.1,6.8,11.5,13.8,15.7,16.9,17.9,19.3,4.1,8.8,13.5,15.8,17.7,18.9,19.9,21.3,6.2,15.6,25,29.6,33.4,35.8,37.8,40.6
127,Liverpool,Alisson,14/06/2022 11:36,easy,LHTZ,3.3,8,12,14.5,16,17.3,0,17.4,5.3,10,14,16.5,18,19.3,0,19.4,8.6,18,26,31,34,36.6,0,36.8
128,Liverpool,Alisson,14/06/2022 11:36,easy,LHTZ,4.8,9.4,12.7,15.3,16.7,18.1,19.2,19.6,6.8,11.4,14.7,17.3,18.7,20.1,21.2,21.6,11.6,20.8,27.4,32.6,35.4,38.2,40.4,41.2
129,Liverpool,Alisson,14/06/2022 11:36,easy,LHTZ,3.3,9.9,20.8,29.6,34.9,38.9,41.5,43.8,5.3,12.2,22.8,31.6,36.9,40.9,43.5,45.8,8.6,22.1,43.6,61.2,71.8,79.8,85,89.6
130,Liverpool,Alisson,14/06/2022 11:36,easy,RHTZ,5.9,12.6,22.7,28.9,32.8,35.6,36.5,37.4,4.9,9.7,21.7,27.9,31.8,34.6,35.5,36.4,10.8,22.3,44.4,56.8,64.6,70.2,72,73.8
131,Liverpool,Alisson,14/06/2022 11:36,easy,LHTZ,4.6,11,19,25,28.5,30.1,31.3,32.1,6.6,13,21,27,30.5,32.1,33.3,34.1,11.2,24,40,52,59,62.2,64.6,66.2
132,Liverpool,Alisson,14/06/2022 11:36,easy,LHTZ,4.7,9.9,17.7,22.8,26.7,28.7,30.4,33.7,6.7,12.7,19.7,24.8,28.7,30.7,32.4,35.7,11.4,22.6,37.4,47.6,55.4,59.4,62.8,69.4
133,Liverpool,Alisson,14/06/2022 11:36,easy,LHTZ,7.2,12.2,16.9,20.2,21,21.2,20.4,32.1,9.2,14.2,18.9,22.2,23,23.2,22.4,34.1,16.4,26.4,35.8,42.4,44,44.4,42.8,66.2
134,Liverpool,Alisson,14/06/2022 11:36,easy,LHTZ,4.8,9.3,12.7,14.4,11.3,4.4,1.1,30.5,6.8,11.3,14.7,16.4,13.3,6.4,3.1,32.5,11.6,20.6,27.4,30.8,24.6,10.8,4.2,63
135,Liverpool,Alisson,14/06/2022 11:36,easy,LHTZ,3.3,8.3,12.4,14.9,16,0,0,16,5.3,10.3,14.4,16.9,18,0,0,18,8.6,18.6,26.8,31.8,34,0,0,34
136,Liverpool,Alisson,14/06/2022 11:36,easy,LHTZ,3.7,8.4,12.1,14.6,16,0,0,16,5.7,10.4,14.1,16.6,18,0,0,18,9.4,18.8,26.2,31.2,34,0,0,34
137,Liverpool,Alisson,14/06/2022 11:36,easy,LHTZ,4.7,11,21.3,28.6,33,36.1,37.7,37.8,6.7,13,23.3,30.6,35,38.1,39.7,39.8,11.4,24,44.6,59.2,68,74.2,77.4,77.6
138,Liverpool,Alisson,14/06/2022 11:36,easy,LHTZ,3.3,8.9,23.4,29.6,32.7,34.4,34.8,34.8,5.3,14,25.4,31.6,34.7,36.4,36.8,36.8,8.6,22.9,48.8,61.2,67.4,70.8,71.6,71.6
139,Liverpool,Alisson,16/06/2022 10:02,easy,LHTZ,2.3,7.2,12.3,15.2,16.8,0,0,17.5,4.3,9.2,14.3,17.2,18.8,0,0,19.5,6.6,16.4,26.6,32.4,35.6,0,0,37
140,Liverpool,Alisson,16/06/2022 10:02,easy,LHTZ,3.2,8.1,12,14.6,16.2,17.1,17.4,17.4,5.2,10.1,14,16.6,18.2,19.1,19.4,19.4,8.4,18.2,26,31.2,34.4,36.2,36.8,36.8
141,Liverpool,Alisson,16/06/2022 10:02,easy,LHTZ,1.2,7.9,13.9,17.1,19,20.2,21.1,21.2,3.2,9.9,15.9,19.1,21,22.2,23.1,23.2,4.4,17.8,29.8,36.2,40,42.4,44.2,44.4
142,Liverpool,Alisson,17/06/2022 14:12,easy,LHTZ,2.2,7.5,13,16.2,18.1,19.5,20.2,20.4,4.2,9.5,15,18.2,20.1,21.5,22.2,22.4,6.4,17,28,34.4,38.2,41,42.4,42.8
143,Liverpool,Alisson,17/06/2022 14:12,easy,RHTZ,3.9,10.2,16,19.1,20.6,0,0,20.8,2.9,9.2,15,18.1,19.6,0,0,19.8,6.8,19.4,31,37.2,40.2,0,0,40.6
144,Liverpool,Alisson,17/06/2022 14:12,easy,LHTZ,2.4,8.9,16.8,22.6,25.7,0,0,26,4.4,10.9,18.8,24.6,27.7,0,0,28,6.8,19.8,35.6,47.2,53.4,0,0,54
145,Liverpool,Alisson,17/06/2022 14:12,easy,RHTZ,4.4,11.2,19,24.9,0,0,0,26.7,3.4,10.2,18,23.9,0,0,0,25.7,7.8,21.4,37,48.8,0,0,0,52.4
146,Liverpool,Alisson,17/06/2022 14:12,easy,LHTZ,2.3,8.7,16.8,23.4,26.7,29.2,30.8,31.5,4.3,10.7,18.8,25.4,28.7,31.2,32.8,33.5,6.6,19.4,35.6,48.8,55.4,60.4,63.6,65
147,Liverpool,Alisson,17/06/2022 14:12,easy,RHTZ,4.7,10.5,16.3,21,22.7,0,0,23.1,3.7,9.5,15.3,20,21.7,0,0,22.1,8.4,20,31.6,41,44.4,0,0,45.2
148,Liverpool,Alisson,07/07/2022 06:56,50m sprint test (LHTZ),LHTZ,3.2,9.7,19.8,24.7,26.7,28.2,0,28.8,0,0,0,0,0,0,0,0,3.2,9.7,19.8,24.7,26.7,28.2,0,28.8
149,Liverpool,Alisson,25/07/2022 07:17,50m sprint test (LHTZ),LHTZ,5,8.9,14.9,18.9,22.7,27,28.7,32.8,0,0,0,0,0,0,0,0,5,8.9,14.9,18.9,22.7,27,28.7,32.8
150,Liverpool,Alisson,25/07/2022 07:17,50m sprint test (LHTZ),RHTZ,0,0,0,0,0,0,0,0,9.1,13.3,22,27.8,32.1,27.9,0,33.1,9.1,13.3,22,27.8,32.1,27.9,0,33.1
151,Liverpool,Alisson,25/07/2022 07:17,50m sprint test (LHTZ),LHTZ,3.9,8.3,18.2,26.1,32.1,30.8,33.6,37.2,0,0,0,0,0,0,0,0,3.9,8.3,18.2,26.1,32.1,30.8,33.6,37.2
152,Liverpool,Alisson,25/07/2022 07:17,50m sprint test (LHTZ),RHTZ,0,0,0,0,0,0,0,0,9,7.2,20.4,29.1,33.3,30.1,0,34.4,9,7.2,20.4,29.1,33.3,30.1,0,34.4
153,Liverpool,Alisson,25/07/2022 07:17,50m sprint test (LHTZ),LHTZ,4.2,8.8,6.4,27.6,34.1,29,0,35.5,0,0,0,0,0,0,0,0,4.2,8.8,6.4,27.6,34.1,29,0,35.5
154,Liverpool,Alisson,25/07/2022 07:17,50m sprint test (LHTZ),RHTZ,0,0,0,0,0,0,0,0,7.4,8.3,17.7,24.4,31,31.6,35,35.1,7.4,8.3,17.7,24.4,31,31.6,35,35.1
155,Liverpool,Alisson,25/07/2022 07:17,50m sprint test (LHTZ),LHTZ,3.8,7.7,19.3,38.9,49.1,48.1,41.1,50.8,0,0,0,0,0,0,0,0,3.8,7.7,19.3,38.9,49.1,48.1,41.1,50.8
156,Liverpool,Alisson,09/08/2022 16:17,50m sprint test (LHTZ),LHTZ,3,7,9.7,11.1,12.3,13,0,13,5,9,11.7,13.1,14.3,15,0,15,8,16,21.4,24.2,26.6,28,0,28
157,Liverpool,Alisson,09/08/2022 16:17,50m sprint test (LHTZ),LHTZ,3.4,8.2,11.7,13.7,14.6,15.4,0,15.5,5.4,9.6,13.7,15.7,16.6,17.4,0,17.5,8.8,17.8,25.4,29.4,31.2,32.8,0,33
158,Liverpool,Alisson,11/08/2022 07:07,50m sprint test (LHTZ),LHTZ,2.3,7.4,9.8,12.9,13.8,13.9,0,14.6,4.3,9.4,13.2,14.9,15.8,15.9,0,16.6,6.6,16.8,23,27.8,29.6,29.8,0,31.2
159,Liverpool,Alisson,11/08/2022 07:28,50m sprint test (LHTZ),LHTZ,8.4,8.3,8.1,9.6,8.1,8.6,9,22,0,0,0,0,0,0,0,0,8.4,8.3,8.1,9.6,8.1,8.6,9,22
160,Liverpool,Alisson,22/08/2022 12:47,50m sprint test (LHTZ),LHTZ,1.6,5.2,10.6,14.2,15.4,14.4,14.8,30,3.6,7.2,12.6,16.2,17.4,16.4,16.8,32,5.2,12.4,23.2,30.4,32.8,30.8,31.6,62
161,Liverpool,Alisson,22/08/2022 12:59,50m sprint test (LHTZ),LHTZ,3.1,7.3,13.7,18.8,22.2,23.7,0,23.9,5.1,9.3,15.7,20.8,24.2,25.7,0,25.9,8.2,16.6,29.4,39.6,46.4,49.4,0,49.8
162,Liverpool,Alisson,22/08/2022 13:14,50m sprint test (LHTZ),LHTZ,1.8,6.1,11.1,12.8,13.3,13,14.4,30,3.8,8.1,13.1,14.8,15.3,15,16.4,32,5.6,14.2,24.2,27.6,28.6,28,30.8,62
163,Liverpool,Alisson,22/08/2022 13:19,50m sprint test (LHTZ),LHTZ,2.7,6,9.1,10.7,10.6,11.2,11.8,29.4,4.7,8,11.1,12.7,12.6,13.2,13.8,31.4,7.4,14,20.2,23.4,23.2,24.4,25.6,60.8
164,Liverpool,Alisson,22/08/2022 13:19,50m sprint test (LHTZ),LHTZ,2.1,7,13.9,17.2,18,18.2,19.4,30.5,4.1,9,15.9,19.2,20,20.2,21.4,32.5,6.2,16,29.8,36.4,38,38.4,40.8,63
165,Liverpool,Andrew Robertson,23/05/2022 10:30,MyProtocol,LHTZ,3.8,7.7,11.8,13.7,15.3,16.6,0,16.6,3.8,7.7,11.8,13.7,15.3,16.6,0,16.6,7.6,15.4,23.6,27.4,30.6,33.2,0,33.2
166,Liverpool,Andrew Robertson,23/05/2022 10:30,MyProtocol,LHTZ,2.1,6.7,10.2,12.5,0,0,0,13.2,2.1,6.7,10.2,12.5,0,0,0,13.2,4.2,13.4,20.4,25,0,0,0,26.4
167,Liverpool,Andrew Robertson,23/05/2022 10:30,MyProtocol,RHTZ,1.9,5,8.4,11.5,13.5,15.3,16.7,17.3,1.9,5,8.4,11.5,13.5,15.3,16.7,17.3,3.8,10,16.8,23,27,30.6,33.4,34.6
168,Liverpool,Andrew Robertson,23/05/2022 10:38,MyProtocol,LHTZ,1.7,7.1,15,17.8,20,0,0,20.5,1.7,7.1,15,17.8,20,0,0,20.5,3.4,14.2,30,35.6,40,0,0,41
169,Liverpool,Andrew Robertson,23/05/2022 10:38,MyProtocol,RHTZ,2.6,8.7,14.6,17.4,18.7,0,0,19.2,2.6,8.7,14.6,17.4,18.7,0,0,19.2,5.2,17.4,29.2,34.8,37.4,0,0,38.4
170,Liverpool,Andrew Robertson,23/05/2022 10:40,MyProtocol,LHTZ,2.4,8.3,13.9,17.5,20.4,22.6,0,23.9,2.4,8.3,13.9,17.5,20.4,22.6,0,23.9,4.8,16.6,27.8,35,40.8,45.2,0,47.8
171,Liverpool,Andrew Robertson,23/05/2022 10:40,MyProtocol,RHTZ,2.1,9.5,16.3,21.6,26,28.7,0,28.8,2.1,9.5,16.3,21.6,26,28.7,0,28.8,4.2,19,32.6,43.2,52,57.4,0,57.6
172,Liverpool,Andrew Robertson,23/05/2022 10:40,MyProtocol,LHTZ,3.7,11.2,18.3,24.4,27.4,0,0,28,3.7,11.2,18.3,24.4,27.4,0,0,28,7.4,22.4,36.6,48.8,54.8,0,0,56
173,Liverpool,Andrew Robertson,23/05/2022 11:58,No protocol selected,LHTZ,2.8,7.9,12.2,15.7,17.3,0,0,17.3,2.8,7.9,12.2,15.7,17.3,0,0,17.3,5.6,15.8,24.4,31.4,34.6,0,0,34.6
174,Liverpool,Andrew Robertson,23/05/2022 14:02,My protocol (monitor),LHTZ,2.6,6.9,11.3,14.7,15.6,16.4,17.4,17.6,2.6,6.9,11.3,14.7,15.6,16.4,17.4,17.6,5.2,13.8,22.6,29.4,31.2,32.8,34.8,35.2
175,Liverpool,Andrew Robertson,23/05/2022 14:02,My protocol (monitor),RHTZ,2.4,6.9,11.1,13.9,15.5,0,0,16,2.4,6.9,11.1,13.9,15.5,0,0,16,4.8,13.8,22.2,27.8,31,0,0,32
176,Liverpool,Andrew Robertson,23/05/2022 14:18,No protocol selected,LHTZ,3,10,17,21.5,24.9,26.7,0,27.3,3,10,17,21.5,24.9,26.7,0,27.3,6,20,34,43,49.8,53.4,0,54.6
177,Liverpool,Andrew Robertson,23/05/2022 14:18,No protocol selected,RHTZ,2,8.3,17.3,23.4,26.5,0,0,27.5,2,8.3,17.3,23.4,26.5,0,0,27.5,4,16.6,34.6,46.8,53,0,0,55
178,Liverpool,Andrew Robertson,30/05/2022 13:53,easy,LHTZ,2.2,6.5,10.2,12.1,13.1,0,0,13.1,2.2,6.5,10.2,12.1,13.1,0,0,13.1,4.4,13,20.4,24.2,26.2,0,0,26.2
179,Liverpool,Andrew Robertson,30/05/2022 13:53,easy,RHTZ,2.4,6.9,11.6,14.2,15.9,16.7,0,16.9,2.4,6.9,11.6,14.2,15.9,16.7,0,16.9,4.8,13.8,23.2,28.4,31.8,33.4,0,33.8
180,Liverpool,Andrew Robertson,31/05/2022 14:18,easy,LHTZ,3.5,7.9,11.7,14.1,15.5,16.4,0,16.6,3.5,7.9,11.7,14.1,15.5,16.4,0,16.6,7,15.8,23.4,28.2,31,32.8,0,33.2
181,Liverpool,Andrew Robertson,31/05/2022 14:18,easy,RHTZ,3.5,8.2,12,14.5,16.6,17.7,0,17.7,3.5,8.2,12,14.5,16.6,17.7,0,17.7,7,16.4,24,29,33.2,35.4,0,35.4
182,Liverpool,Andrew Robertson,06/06/2022 06:45,new,LHTZ,2.8,8.2,12.5,15.9,17.1,18.1,19,19.8,2.8,8.2,12.5,15.9,17.1,18.1,19,19.8,5.6,16.4,25,31.8,34.2,36.2,38,39.6
183,Liverpool,Andrew Robertson,06/06/2022 06:45,new,RHTZ,2.2,8.1,12.6,16.1,17.5,18.1,18.5,18.7,2.2,8.1,12.6,16.1,17.5,18.1,18.5,18.7,4.4,16.2,25.2,32.2,35,36.2,37,37.4
184,Liverpool,Andrew Robertson,06/06/2022 06:45,new,RHTZ,1,7.7,14.4,17.1,17.8,18.5,19.1,20.2,1,7.7,14.4,17.1,17.8,18.5,19.1,20.2,2,15.4,28.8,34.2,35.6,37,38.2,40.4
185,Liverpool,Andrew Robertson,06/06/2022 06:45,new,LHTZ,1.1,7.4,13.9,16.6,17.5,17.9,18.5,19.3,1.1,7.4,13.9,16.6,17.5,17.9,18.5,19.3,2.2,14.8,27.8,33.2,35,35.8,37,38.6
186,Liverpool,Andrew Robertson,06/06/2022 10:04,easy,LHTZ,4.2,9.1,13.1,15.1,17,0,0,17.7,4.2,9.1,13.1,15.1,17,0,0,17.7,8.4,18.2,26.2,30.2,34,0,0,35.4
187,Liverpool,Andrew Robertson,06/06/2022 10:04,easy,RHTZ,3.8,8.6,12.8,15.7,17.1,18,0,18,3.8,8.6,12.8,15.7,17.1,18,0,18,7.6,17.2,25.6,31.4,34.2,36,0,36
188,Liverpool,Andrew Robertson,06/06/2022 10:04,easy,RHTZ,2.3,7.8,13.4,17,18.7,0,0,19.2,2.3,7.8,13.4,17,18.7,0,0,19.2,4.6,15.6,26.8,34,37.4,0,0,38.4
189,Liverpool,Andrew Robertson,06/06/2022 10:04,easy,LHTZ,3.2,8.3,13.2,16.8,18,0,0,18.3,3.2,8.3,13.2,16.8,18,0,0,18.3,6.4,16.6,26.4,33.6,36,0,0,36.6
190,Liverpool,Andrew Robertson,06/06/2022 13:17,easy,RHTZ,2.4,6.9,10.1,12.3,13.4,0,0,13.5,2.4,6.9,10.1,12.3,13.4,0,0,13.5,4.8,13.8,20.2,24.6,26.8,0,0,27
191,Liverpool,Andrew Robertson,06/06/2022 13:27,easy,RHTZ,2.4,8.1,12.8,14.8,15.5,0,0,15.5,2.4,8.1,12.8,14.8,15.5,0,0,15.5,4.8,16.2,25.6,29.6,31,0,0,31
192,Liverpool,Andrew Robertson,06/06/2022 13:35,easy,RHTZ,1.7,7.6,13.1,15.6,16.8,0,0,17,1.7,7.6,13.1,15.6,16.8,0,0,17,3.4,15.2,26.2,31.2,33.6,0,0,34
193,Liverpool,Andrew Robertson,06/06/2022 13:45,easy,RHTZ,1.6,7,12.5,15.5,16.8,17.3,17.3,17.3,1.6,7,12.5,15.5,16.8,17.3,17.3,17.3,3.2,14,25,31,33.6,34.6,34.6,34.6
194,Liverpool,Andrew Robertson,06/06/2022 13:48,easy,RHTZ,2.6,7.9,12.1,14.7,16.4,17.2,0,17.2,2.6,7.9,12.1,14.7,16.4,17.2,0,17.2,5.2,15.8,24.2,29.4,32.8,34.4,0,34.4
195,Liverpool,Andrew Robertson,06/06/2022 13:50,easy,RHTZ,1.7,7.5,12.8,15.5,17.3,0,0,17.6,1.7,7.5,12.8,15.5,17.3,0,0,17.6,3.4,15,25.6,31,34.6,0,0,35.2
196,Liverpool,Andrew Robertson,06/06/2022 13:50,easy,LHTZ,2.2,8.5,14,16.6,17.6,0,0,18.2,2.2,8.5,14,16.6,17.6,0,0,18.2,4.4,17,28,33.2,35.2,0,0,36.4
197,Liverpool,Andrew Robertson,09/06/2022 11:34,easy,LHTZ,3.4,8.4,12.5,14.7,16,16.8,0,17,5.4,9.9,14.5,16.7,18,18.8,0,19,8.8,18.3,27,31.4,34,35.6,0,36
198,Liverpool,Andrew Robertson,09/06/2022 11:34,easy,RHTZ,4.4,8.9,13.3,15.7,16.3,0,0,16.4,3.4,7.9,12.3,14.7,15.3,0,0,15.4,7.8,16.8,25.6,30.4,31.6,0,0,31.8
199,Liverpool,Andrew Robertson,09/06/2022 12:20,easy,LHTZ,3.2,7.7,10.8,12.9,14.3,15.1,0,15.3,0,0,0,0,0,0,0,0,3.2,7.7,10.8,12.9,14.3,15.1,0,15.3
200,Liverpool,Andrew Robertson,09/06/2022 12:50,easy,LHTZ,1.2,6.6,11,13.6,14.8,15.6,15.9,16,3.2,8.6,13,15.6,16.8,17.6,17.9,18,4.4,15.2,24,29.2,31.6,33.2,33.8,34
201,Liverpool,Andrew Robertson,13/06/2022 07:32,config1,LHTZ,2.2,6.9,10.1,12.4,13.9,15,16,17,4.2,8.9,12.1,14.4,15.9,17,18,19,6.4,15.8,22.2,26.8,29.8,32,34,36
202,Liverpool,Andrew Robertson,17/06/2022 14:12,easy,LHTZ,1.6,7.7,13.8,17.2,19,0,0,19.5,3.6,9.7,15.8,19.2,21,0,0,21.5,5.2,17.4,29.6,36.4,40,0,0,41
203,Liverpool,Andrew Robertson,17/06/2022 14:12,easy,RHTZ,4,12.5,22,27.4,0,0,0,28.9,3,11.5,21,26.4,0,0,0,27.9,7,24,43,53.8,0,0,0,56.8
204,Liverpool,Andrew Robertson,17/06/2022 14:12,easy,LHTZ,2.5,10.6,19.7,26.1,29.1,0,0,29.3,4.5,12.6,21.7,28.1,31.1,0,0,31.3,7,23.2,41.4,54.2,60.2,0,0,60.6
205,Liverpool,Andrew Robertson,17/06/2022 14:12,easy,RHTZ,4,10.1,18.5,24.2,26.2,0,0,26.3,3,9.1,17.5,23.2,25.2,0,0,25.3,7,19.2,36,47.4,51.4,0,0,51.6
206,Liverpool,Andrew Robertson,17/06/2022 14:12,easy,LHTZ,2.4,9.3,18.7,25.9,30,33.1,34.8,37.1,4.4,11.3,20.7,27.9,32,35.1,36.8,39.1,6.8,20.6,39.4,53.8,62,68.2,71.6,76.2
207,Liverpool,Andrew Robertson,17/06/2022 14:12,easy,RHTZ,4.5,10.8,19.5,24.8,26.8,0,0,26.8,3.5,9.8,18.5,23.8,25.8,0,0,25.8,8,20.6,38,48.6,52.6,0,0,52.6
208,Liverpool,Diogo Jota,13/04/2022 08:24,protocol1,LHTZ,1.9,4.2,8,12.5,15.3,0,0,15.7,0,0,0,0,0,0,0,0,1.9,4.2,8,12.5,15.3,0,0,15.7
209,Liverpool,Diogo Jota,13/04/2022 09:54,protocol1,LHTZ,0.8,3.3,8.4,12.8,14.8,0,0,14.8,0,0,0,0,0,0,0,0,0.8,3.3,8.4,12.8,14.8,0,0,14.8
210,Liverpool,Diogo Jota,23/05/2022 10:40,MyProtocol,RHTZ,2.1,8.1,15.6,21.8,25.6,0,0,26.7,2.1,8.1,15.6,21.8,25.6,0,0,26.7,4.2,16.2,31.2,43.6,51.2,0,0,53.4
211,Liverpool,Diogo Jota,23/05/2022 12:09,No protocol selected,LHTZ,1.6,6.7,11.1,13.5,15.1,16.2,0,16.6,1.6,6.7,11.1,13.5,15.1,16.2,0,16.6,3.2,13.4,22.2,27,30.2,32.4,0,33.2
212,Liverpool,Diogo Jota,23/05/2022 14:03,My protocol (monitor),LHTZ,4.3,8.6,11,13.3,15.1,16.4,0,16.4,4.3,8.6,11,13.3,15.1,16.4,0,16.4,8.6,17.2,22,26.6,30.2,32.8,0,32.8
213,Liverpool,Diogo Jota,23/05/2022 14:03,My protocol (monitor),RHTZ,2.9,7.7,11.8,14.9,18,0,0,18.1,2.9,7.7,11.8,14.9,18,0,0,18.1,5.8,15.4,23.6,29.8,36,0,0,36.2
214,Liverpool,Diogo Jota,23/05/2022 14:05,My protocol (monitor),LHTZ,3.1,10.5,18.7,24.8,28.6,31.3,33.4,38,3.1,10.5,18.7,24.8,28.6,31.3,33.4,38,6.2,21,37.4,49.6,57.2,62.6,66.8,76
215,Liverpool,Diogo Jota,23/05/2022 14:05,My protocol (monitor),RHTZ,2.2,11.1,22.9,29,32.8,35.6,37.4,37.9,2.2,11.1,22.9,29,32.8,35.6,37.4,37.9,4.4,22.2,45.8,58,65.6,71.2,74.8,75.8
216,Liverpool,Diogo Jota,07/06/2022 12:41,easy,LHTZ,3.2,7.2,10.2,11.7,0,0,0,12.1,3.2,7.2,10.2,11.7,0,0,0,12.1,6.4,14.4,20.4,23.4,0,0,0,24.2
217,Liverpool,Diogo Jota,07/06/2022 12:41,easy,RHTZ,3.3,7.6,10.5,12.5,13.7,0,0,14.2,3.3,7.6,10.5,12.5,13.7,0,0,14.2,6.6,15.2,21,25,27.4,0,0,28.4
218,Liverpool,Diogo Jota,07/06/2022 12:41,easy,LHTZ,3.7,7.8,10.9,12.8,13.4,0,0,13.4,3.7,7.8,10.9,12.8,13.4,0,0,13.4,7.4,15.6,21.8,25.6,26.8,0,0,26.8
219,Liverpool,Diogo Jota,07/06/2022 12:41,easy,LHTZ,3.2,8.1,13.7,17.8,20.8,22.1,23.3,23.4,3.2,8.1,13.7,17.8,20.8,22.1,23.3,23.4,6.4,16.2,27.4,35.6,41.6,44.2,46.6,46.8
220,Liverpool,Diogo Jota,07/06/2022 12:41,easy,RHTZ,2,6.9,12.4,15.8,17.2,18,0,18.1,2,6.9,12.4,15.8,17.2,18,0,18.1,4,13.8,24.8,31.6,34.4,36,0,36.2
221,Liverpool,Diogo Jota,07/06/2022 12:41,easy,RHTZ,4.2,8.8,14,18.6,20.8,22.9,24.9,26.4,4.2,8.8,14,18.6,20.8,22.9,24.9,26.4,8.4,17.6,28,37.2,41.6,45.8,49.8,52.8
222,Liverpool,Joel Matip,09/06/2022 15:31,config1,RHTZ,3.9,8.2,11.4,13.6,14.9,15.8,16.1,16.1,2.9,7.2,10.4,12.6,13.9,14.8,15.1,15.1,6.8,15.4,21.8,26.2,28.8,30.6,31.2,31.2
223,Liverpool,Joel Matip,24/08/2022 16:01,easy early,LHTZ,1.7,4.7,7.1,9.4,10.9,9.6,7,11,5.6,9.6,15.1,18.9,20,19.4,19.1,20.5,7.3,14.3,22.2,28.3,30.9,29,26.1,31.5
224,Liverpool,Joel Matip,24/08/2022 16:01,easy early,LHTZ,2.3,5.7,8.5,9,9.6,10.9,11.2,11.8,8.2,5.6,9.8,17.2,19.1,20.4,21.4,23.4,10.5,11.3,18.3,26.2,28.7,31.3,32.6,35.2
225,Liverpool,Joel Matip,24/08/2022 16:01,easy early,LHTZ,1.9,5.1,7.8,9,10.9,11.2,10.2,14.2,2.3,5.5,9.5,13.9,18.4,21.3,23.3,28.3,4.2,10.6,17.3,22.9,29.3,32.5,33.5,42.5
226,Liverpool,Jordan Henderson,09/06/2022 12:12,easy,LHTZ,2.3,7.4,12,14.4,15.8,16.7,0,16.9,4.3,9.4,14,16.4,17.8,18.7,0,18.9,6.6,16.8,26,30.8,33.6,35.4,0,35.8
227,Liverpool,Mohamed Salah,09/06/2022 12:12,easy,LHTZ,1.8,7.5,12.5,15,16.5,17.4,17.8,17.9,3.8,9.5,14.5,17,18.5,19.4,19.8,19.9,5.6,17,27,32,35,36.8,37.6,37.8
228,Liverpool,Naby KeÃ¯ta,09/06/2022 12:12,easy,LHTZ,1.5,7.2,12.6,15.1,16.4,17.4,0,17.5,3.5,9.2,14.6,17.1,18.4,19.4,0,19.5,5,16.4,27.2,32.2,34.8,36.8,0,37
229,Liverpool,Roberto Firmino,15/08/2022 16:18,easy late,LHTZ,6.2,7.3,5,7.7,9.9,11.8,3.6,20.8,0.1,2.6,0.8,3.3,2.6,2.4,3.8,24.6,6.3,9.9,5.8,11,12.5,14.2,7.4,45.4
230,Liverpool,Roberto Firmino,15/08/2022 16:18,easy late,RHTZ,0.8,2.6,2.9,8.8,2.6,2.6,20.4,20.4,7.7,3,8.2,6.4,3.4,9.7,7.6,4.1,8.5,5.6,11.1,15.2,6,12.3,28,24.5
231,Liverpool,Roberto Firmino,15/08/2022 16:19,easy late,LHTZ,3,3.8,7.1,20.4,22.5,19,19.9,24.3,7.6,8.9,9.4,7.4,3.6,5.6,9,25.1,10.6,12.7,16.5,27.8,26.1,24.6,28.9,49.4
232,Liverpool,Roberto Firmino,15/08/2022 16:19,easy late,RHTZ,3.7,7.9,20.9,19,20.9,24,27.4,27.7,1.7,2.4,2.2,2,2.2,2.1,2.5,39.2,5.4,10.3,23.1,21,23.1,26.1,29.9,66.9
233,Liverpool,Virgil van Dijk,09/06/2022 12:32,easy,LHTZ,2.1,8,13.2,15.3,0,0,0,15.5,4.1,10,15.2,17.3,0,0,0,17.5,6.2,18,28.4,32.6,0,0,0,33
234,Liverpool,Virgil van Dijk,09/06/2022 12:44,easy,LHTZ,1.9,7.2,11.8,14.2,15.9,17.2,0,17.3,3.9,9.2,13.8,16.2,17.9,19.2,0,19.3,5.8,16.4,25.6,30.4,33.8,36.4,0,36.6
235,Lucid,AH,18/05/2022 10:20,Easy,LHTZ,6.2,12.1,21.2,21.5,21.4,21.9,27.6,52.6,6.2,9,15.1,24.5,21.4,17.5,18.2,75.9,12.4,21.1,36.3,46,42.8,39.4,45.8,128.5
236,Lucid,AH,18/05/2022 10:20,Easy,LHTZ,8.9,9.3,38.2,50.8,49.5,56.4,64.2,67.5,6.7,19.5,34.6,9.4,8.1,7.7,7.9,55.5,15.6,28.8,72.8,60.2,57.6,64.1,72.1,123
237,Lucid,AH,18/05/2022 10:20,Easy,LHTZ,9.8,17.9,30.6,49.4,46.2,52.2,55.8,64.1,6.2,30.7,54.1,73.2,54,0,0,74,16,48.6,84.7,122.6,100.2,52.2,55.8,138.1
238,Lucid,AH,18/05/2022 10:20,Easy,RHTZ,7.8,15.2,16.7,17.3,15.1,14.9,15.2,48.3,15.9,7,6.2,7.1,73.6,79.1,7,81.9,23.7,22.2,22.9,24.4,88.7,94,22.2,130.2
239,Lucid,AH,18/05/2022 10:20,Easy,RHTZ,4.7,8,5.7,6.1,8.5,4.5,6,51.4,9.6,16.3,27.2,47.3,52.9,15.5,15.7,54.8,14.3,24.3,32.9,53.4,61.4,20,21.7,106.2
240,Lucid,AH,13/07/2022 13:36,config1,LHTZ,13.9,18.9,33.6,53.2,61.4,66.6,0,69.4,9,6,30.6,25.9,29.8,26.4,25.3,48.1,22.9,24.9,64.2,79.1,91.2,93,25.3,117.5
241,Lucid,AH,13/07/2022 13:36,config1,RHTZ,9,9,26,36.3,34.4,0,0,45.2,18.2,22.4,40.1,49.2,55.9,62.2,41.4,62.5,27.2,31.4,66.1,85.5,90.3,62.2,41.4,107.7
242,Lucid,AH,13/07/2022 13:36,config1,RHTZ,5.6,9.7,28.4,60.5,65.5,32.6,33.3,66.5,18.6,22,32.7,46.8,57.5,63.2,43,64.2,24.2,31.7,61.1,107.3,123,95.8,76.3,130.7
243,Lucid,AH,13/07/2022 13:36,config1,LHTZ,8.7,37.5,48.1,59.9,61.4,64.7,56,65.2,5.6,9.7,42.4,62.5,46.6,51.7,55,62.8,14.3,47.2,90.5,122.4,108,116.4,111,128
244,Lucid,AH,13/07/2022 13:36,config1,LHTZ,8.6,20.4,41.1,50,54.5,60.5,39.2,60.9,4,9,45.3,64.3,0,0,0,64.4,12.6,29.4,86.4,114.3,54.5,60.5,39.2,125.3
245,Lucid,AH,13/07/2022 13:36,config1,RHTZ,8.7,17.6,37.1,15.9,12.7,11.8,12,61.5,18.7,26.6,45,48.3,54.3,59.3,61.8,62.6,27.4,44.2,82.1,64.2,67,71.1,73.8,124.1
246,Lucid,AH,13/07/2022 13:36,config1,LHTZ,15.8,20.1,29.8,42.9,54.5,59,60.8,63.8,9.7,16.9,35.1,56,61.7,67,68.7,68.7,25.5,37,64.9,98.9,116.2,126,129.5,132.5
247,Lucid,AH,13/07/2022 13:36,config1,RHTZ,9.8,17.4,34.5,48.7,50.6,8.8,10,59.2,18.6,23.7,39.1,45.8,48.8,54.2,58.3,62.8,28.4,41.1,73.6,94.5,99.4,63,68.3,122
248,Lucid,Anand,01/09/2022 17:01,config1,RHTZ,4.1,14.7,26.3,28.5,31,30.8,31.9,37.9,1.1,5.9,16.7,21.5,27.8,33.2,36.4,39.4,5.2,20.6,43,50,58.8,64,68.3,77.3
249,Lucid,Anand,01/09/2022 17:01,config1,LHTZ,8.2,12.7,9.6,29.6,27.4,26.4,25.7,30.4,8.5,9.2,55.7,38.8,39.5,36.8,35,62.9,16.7,21.9,65.3,68.4,66.9,63.2,60.7,93.3
250,Lucid,Andy Hodgin,25/08/2022 15:30,Baseline_1,LHTZ,9.8,20.7,45.9,74.7,81.5,75.5,71.9,81.5,7.1,7.1,33,54.9,59.7,64.5,62.4,69.7,16.9,27.8,78.9,129.6,141.2,140,134.3,151.2
251,Lucid,Andy Hodgin,25/08/2022 15:30,Baseline_1,RHTZ,5,8.6,52.2,66.5,50.4,55.8,55.5,85.5,7.4,9.8,9,7.7,8.2,6.6,7.1,61.1,12.4,18.4,61.2,74.2,58.6,62.4,62.6,146.6
252,Lucid,Andy Hodgin,25/08/2022 15:30,Baseline_1,LHTZ,9.6,22.2,44.7,44.4,49.5,49,49.8,50.9,5.3,9.9,35.6,48.7,57,68.2,71.1,77.3,14.9,32.1,80.3,93.1,106.5,117.2,120.9,128.2
253,Lucid,Andy Hodgin,25/08/2022 15:30,Baseline_1,RHTZ,7.4,9.9,48.9,67,71.1,76.2,76.5,77.1,7.4,6.7,28.9,49.5,63.5,62.5,62.5,65.6,14.8,16.6,77.8,116.5,134.6,138.7,139,142.7
254,Lucid,James Lever,26/08/2022 15:07,Baseline JL,LHTZ,8.8,11.8,26.2,29.5,29.4,26.7,21.6,31,4.7,9.2,21.1,26.2,20,20.3,16.8,28.2,13.5,21,47.3,55.7,49.4,47,38.4,59.2
255,Lucid,James Lever,26/08/2022 15:07,Baseline JL,RHTZ,9.6,9.4,24.4,34,26.9,26.9,25.4,34,5.5,9.5,18.8,34.9,40.6,42.5,39.8,42.5,15.1,18.9,43.2,68.9,67.5,69.4,65.2,76.5
256,Lucid,James Lever,26/08/2022 15:07,Baseline JL,LHTZ,2.7,9.2,21.7,28,25.7,28.8,32.9,34.4,2.4,8,6.8,7.2,6.8,6.9,6.6,27.6,5.1,17.2,28.5,35.2,32.5,35.7,39.5,62
257,Lucid,James Lever,26/08/2022 15:07,Baseline JL,RHTZ,7.9,21.3,38.7,39.2,38,38.7,37.7,48.9,4.4,8.3,31.7,39.3,37.3,38.7,39.9,40.3,12.3,29.6,70.4,78.5,75.3,77.4,77.6,89.2
258,Lucid,ND,18/05/2022 10:20,Easy,LHTZ,21.2,25.9,50.3,72.9,87.3,51.2,48.2,88.2,6.3,7.5,7.4,6.6,4.5,7.2,8.5,69.3,27.5,33.4,57.7,79.5,91.8,58.4,56.7,157.5
259,Lucid,ND,18/05/2022 10:20,Easy,LHTZ,17.2,23.7,37.1,55.9,72.3,82.8,0,83.7,8.7,8.2,8.7,9.4,12.7,44.3,66.6,80.8,25.9,31.9,45.8,65.3,85,127.1,66.6,164.5
260,Lucid,ND,18/05/2022 10:20,Easy,RHTZ,6.6,15.4,39.4,43.5,54.6,0,0,62.4,9.3,22.3,50.8,70.5,69,57.3,61.2,71.2,15.9,37.7,90.2,114,123.6,57.3,61.2,133.6
261,Lucid,ND,18/05/2022 10:20,Easy,RHTZ,5.8,4.8,4.3,9.8,7.6,5.6,7.3,49.6,8.7,16.7,29.5,48.2,65.8,68.5,0,68.5,14.5,21.5,33.8,58,73.4,74.1,7.3,118.1
262,Lucid,ND,18/05/2022 10:20,Easy,RHTZ,9.1,25.3,42.8,55.7,63.7,66.7,62.6,72.5,9.3,19.6,28,48.9,67,60.2,64.6,68.8,18.4,44.9,70.8,104.6,130.7,126.9,127.2,141.3
263,Lucid,ND,27/05/2022 14:07,Easy,LHTZ,21.6,26.1,41.3,58.7,69.5,38.7,44.3,76.1,8.6,9,8.3,9.1,61.4,8.8,8.9,68.8,30.2,35.1,49.6,67.8,130.9,47.5,53.2,144.9
264,Lucid,ND,27/05/2022 14:07,Easy,LHTZ,21.3,7.5,7.4,7,72.6,7.1,7.2,78.7,8.8,8.2,8.3,8.3,8.4,8.4,82.6,84,30.1,15.7,15.7,15.3,81,15.5,89.8,162.7
265,Lucid,ND,27/05/2022 14:07,Easy,LHTZ,22.4,26.6,38.5,57.9,75.9,84.4,85.8,87.5,8.7,8.9,9.5,8.1,9.6,9.2,8.9,80.5,31.1,35.5,48,66,85.5,93.6,94.7,168
266,Lucid,ND,27/05/2022 14:07,Easy,LHTZ,23.1,27.2,41.8,60.5,74.9,76,78.5,80.2,3,7.4,36.1,70.3,67.5,75.8,78.8,80.6,26.1,34.6,77.9,130.8,142.4,151.8,157.3,160.8
267,Lucid,ND,27/05/2022 14:07,Easy,LHTZ,23.5,30.7,36.6,50.3,66.2,75.5,78.5,81.3,9.3,19.6,28.1,53.5,64.3,73.3,77.5,79.4,32.8,50.3,64.7,103.8,130.5,148.8,156,160.7
268,Lucid,ND,27/05/2022 14:07,Easy,LHTZ,25.2,33.5,42.4,55.3,69.8,73.7,75.8,77,8.4,9.2,27,50.4,45.2,61.6,68.2,70.4,33.6,42.7,69.4,105.7,115,135.3,144,147.4
269,Lucid,ND,07/06/2022 10:23,Easy,LHTZ,15,18.4,22.9,28.1,32.4,35.8,39,80.4,11,14.5,18.7,23.5,27.4,28.7,30.3,63.1,26,32.9,41.6,51.6,59.8,64.5,69.3,143.5
270,Lucid,ND,07/06/2022 10:23,Easy,LHTZ,1.1,13.1,12.7,12.6,12.9,13.1,12.9,86.2,10.9,17.3,26.1,36.1,42.5,45.1,45.8,65,12,30.4,38.8,48.7,55.4,58.2,58.7,151.2
271,Lucid,ND,07/06/2022 10:23,Easy,LHTZ,19.3,22.8,28.2,33,38.1,43.5,50,91.9,7.4,11.4,13.1,15.8,20.1,25.5,31.9,64.6,26.7,34.2,41.3,48.8,58.2,69,81.9,156.5
272,Lucid,ND,07/06/2022 10:23,Easy,LHTZ,11.9,15.3,17.2,20.1,23.8,28,31.3,65.5,7.5,10.4,14.6,20,24.9,29.9,33.9,57.6,19.4,25.7,31.8,40.1,48.7,57.9,65.2,123.1
273,Lucid,ND,07/06/2022 10:23,Easy,LHTZ,15.1,18.4,22.2,25.4,29.6,35.4,41.3,75.8,8.8,13.5,16.5,21.8,29.1,34.5,38,56.4,23.9,31.9,38.7,47.2,58.7,69.9,79.3,132.2
274,Lucid,ND,07/06/2022 10:23,Easy,LHTZ,20.1,23,27.2,30.2,32.7,34.8,38.2,71,12.8,16.6,18.3,20.4,23.3,26.4,29.4,54.2,32.9,39.6,45.5,50.6,56,61.2,67.6,125.2
275,Lucid,ND,07/06/2022 10:23,Easy,LHTZ,19.6,23.1,28.4,33.7,37.6,41.4,46.2,83,6.8,9.9,10.5,11.6,14.1,16.1,19,58.4,26.4,33,38.9,45.3,51.7,57.5,65.2,141.4
276,Lucid,ND,07/06/2022 10:23,Easy,LHTZ,19.6,25.2,28.6,32.2,36.1,38.7,46.6,93.9,11.3,15.3,18.4,22.3,27.4,33,39.6,72.5,30.9,40.5,47,54.5,63.5,71.7,86.2,166.4
277,Lucid,ND,07/06/2022 10:23,Easy,LHTZ,23.5,27.1,32.6,39.9,47.9,56.6,66,92.7,9.7,13,15.3,19,24.7,32.8,40.8,72.8,33.2,40.1,47.9,58.9,72.6,89.4,106.8,165.5
278,Lucid,ND,07/06/2022 10:23,Easy,LHTZ,22.6,26.1,30.6,36.4,42.9,47.9,47.5,79.1,14.6,18.4,23.7,25.5,32,43.7,50.1,82.9,37.2,44.5,54.3,61.9,74.9,91.6,97.6,162
279,Lucid,ND,07/06/2022 10:23,Easy,LHTZ,18.6,22.1,27.1,31.9,37.1,42.5,47.8,73.6,9.8,13.1,15.6,19,22,26.8,32.6,61.8,28.4,35.2,42.7,50.9,59.1,69.3,80.4,135.4
280,Lucid,ND,07/06/2022 10:23,Easy,LHTZ,13.8,17.8,19.6,22.7,26.8,31,34.9,46.2,10.3,14.3,18.2,22.9,27.1,29.7,32.5,39.5,24.1,32.1,37.8,45.6,53.9,60.7,67.4,85.7
281,Lucid,ND,07/06/2022 11:04,Easy,LHTZ,14.9,21.8,24.2,34.2,41.4,49.9,57.6,74.8,10.1,18.9,27.1,29.8,41.6,48.1,54.5,87.2,25,40.7,51.3,64,83,98,112.1,162
282,Lucid,ND,07/06/2022 11:04,Easy,LHTZ,20.3,24.6,32.5,42.6,49.4,55.7,62.4,72.2,8.9,14.4,20.3,28.6,36.7,44.3,50.9,81.3,29.2,39,52.8,71.2,86.1,100,113.3,153.5
283,Lucid,ND,07/06/2022 11:04,Easy,LHTZ,36.3,42.2,41.5,37.7,41.8,45.8,52,87.3,8.2,10.7,10.4,10.5,10.1,10.3,8.9,67.4,44.5,52.9,51.9,48.2,51.9,56.1,60.9,154.7
284,Lucid,ND,07/06/2022 11:04,Easy,LHTZ,11.2,17.9,17.3,16.9,16.7,16.2,15.9,83.9,5.8,10,10,10,9.8,9.8,9.8,65.1,17,27.9,27.3,26.9,26.5,26,25.7,149
285,Lucid,ND,07/06/2022 11:04,Easy,LHTZ,1.6,18.3,17.7,18,18.1,18.2,18.4,61.6,0.9,10.4,10.2,10.1,9.8,9.9,10,80,2.5,28.7,27.9,28.1,27.9,28.1,28.4,141.6
286,Lucid,ND,14/06/2022 13:22,easy,LHTZ,18.4,26.5,31.9,38.7,47.5,57.5,65.6,94.9,9.7,22.9,34.4,58.9,74.5,60.3,65.1,79.5,28.1,49.4,66.3,97.6,122,117.8,130.7,174.4
287,Lucid,ND,14/06/2022 13:22,easy,LHTZ,20.3,23.7,27.4,36.4,49.5,61.3,64.1,91.7,9.6,14.6,27.7,65,82.1,72.8,87.6,97.6,29.9,38.3,55.1,101.4,131.6,134.1,151.7,189.3
288,Lucid,ND,14/06/2022 13:22,easy,LHTZ,25,28.4,38.2,53,61.7,65.8,68.7,75.6,9.1,23.6,36.1,53.5,65,59.2,64,66.2,34.1,52,74.3,106.5,126.7,125,132.7,141.8
289,Lucid,ND,16/06/2022 10:34,easy,LHTZ,8.6,9.6,26.2,35.7,43.8,30.3,33.4,48.4,5.5,4.6,23.4,36.5,53.8,0,0,55.1,14.1,14.2,49.6,72.2,97.6,30.3,33.4,103.5
290,Lucid,ND,16/06/2022 10:39,easy,LHTZ,25,28.9,33.5,40.3,50.2,58.7,62.3,66.5,8.6,9.8,22,36.5,46.5,50.4,48.4,53.7,33.6,38.7,55.5,76.8,96.7,109.1,110.7,120.2
291,Lucid,ND,16/06/2022 10:39,easy,LHTZ,24,28.5,43.9,55.3,64.9,70.7,68.9,72,18.7,22.8,32.5,46.4,59.6,65.3,70.1,72.8,42.7,51.3,76.4,101.7,124.5,136,139,144.8
292,Lucid,ND,16/06/2022 10:39,easy,LHTZ,19.9,23.8,27.1,40.9,48.6,57.2,58.8,64.3,6.9,9.4,39.7,46.3,48.5,51.3,55.5,56.6,26.8,33.2,66.8,87.2,97.1,108.5,114.3,120.9
293,Lucid,ND,16/06/2022 10:39,easy,LHTZ,21.5,25.7,36,46.9,55.9,62.9,64.9,69.3,6.3,9.9,6.8,6.9,68.7,72.8,77.6,79.7,27.8,35.6,42.8,53.8,124.6,135.7,142.5,149
294,Lucid,ND,16/06/2022 10:39,easy,LHTZ,21.8,26.4,34.1,43.9,45.3,59,61.2,70.1,8.8,25.1,48.8,59.9,64.1,69.5,71.2,74.5,30.6,51.5,82.9,103.8,109.4,128.5,132.4,144.6
295,Lucid,ND,16/06/2022 10:39,easy,LHTZ,24.9,29.1,36.4,43,50,55.3,59,73.4,7,8.4,38.7,63.1,75.7,80.6,87.4,87.6,31.9,37.5,75.1,106.1,125.7,135.9,146.4,161
296,Lucid,ND,18/07/2022 09:54,easy early,LHTZ,22.7,27.2,36,47.9,59.4,67.3,73.5,76.7,9.2,15.8,26.7,51.6,73.4,85.3,89.3,90.1,31.9,43,62.7,99.5,132.8,152.6,162.8,166.8
297,Lucid,ND,18/07/2022 09:54,easy early,RHTZ,31.5,34.1,43,62.2,73.7,81.9,86.9,88.8,22.1,29.6,44,56.1,61.2,66.1,50.6,67.8,53.6,63.7,87,118.3,134.9,148,137.5,156.6
298,Lucid,ND,18/07/2022 09:54,easy early,LHTZ,21.2,24.6,26.3,30.2,38.3,51.9,63.4,69.1,8.1,8.2,4.4,70.4,76.2,80.4,4.5,82.2,29.3,32.8,30.7,100.6,114.5,132.3,67.9,151.3
299,Lucid,ND,18/07/2022 09:54,easy early,RHTZ,13.3,18.7,39.8,59.7,62.1,68.1,70.9,78,13.7,19.8,39.8,53.1,60.1,65.5,62.2,65.9,27,38.5,79.6,112.8,122.2,133.6,133.1,143.9
300,Lucid,ND,18/07/2022 09:54,easy early,LHTZ,23.1,25.7,32.2,44.7,57.4,66.9,71.5,76.8,9.5,8.6,8.8,8.8,8.8,8.9,9.6,83.7,32.6,34.3,41,53.5,66.2,75.8,81.1,160.5
301,Lucid,ND,18/07/2022 09:54,easy early,RHTZ,9.1,18.8,29.1,52.8,66.2,75.3,67.3,78.1,16.3,24.2,41.5,50.5,58.2,61.7,61.4,63.6,25.4,43,70.6,103.3,124.4,137,128.7,141.7
302,Lucid,ND,18/07/2022 09:54,easy early,LHTZ,26.9,31.3,41.9,54.3,66.8,74.3,79.7,84.8,17.8,6.9,7,75.2,84.8,89.8,94.1,96.2,44.7,38.2,48.9,129.5,151.6,164.1,173.8,181
303,Lucid,ND,18/07/2022 09:54,easy early,RHTZ,9.8,18.9,44.2,57,67.1,73.3,75.2,79.7,22.7,28.7,39.8,50.2,59.8,68,60.7,70.8,32.5,47.6,84,107.2,126.9,141.3,135.9,150.5
304,Lucid,ND,18/07/2022 09:54,easy early,LHTZ,23,29.5,45.2,59.4,70,76.2,0,78.3,18.8,23.4,42,71.9,86.2,90.6,94.6,94.6,41.8,52.9,87.2,131.3,156.2,166.8,94.6,172.9
305,Lucid,ND,18/07/2022 09:54,easy early,RHTZ,9.3,20.5,30.1,47.3,54.4,66.5,72.1,73.2,17.9,23.1,35.7,47.2,59.1,59.9,0,61.3,27.2,43.6,65.8,94.5,113.5,126.4,72.1,134.5
306,Lucid,ND,18/07/2022 09:54,easy early,LHTZ,24.5,29.7,42,57.6,73.6,65.9,76.7,91.4,9.7,15.3,31.8,67.7,85.4,89.8,94.4,96.1,34.2,45,73.8,125.3,159,155.7,171.1,187.5
307,Lucid,ND,18/07/2022 09:54,easy early,RHTZ,18.5,23.7,43.4,68.1,79.7,85.9,78.1,91.2,20.6,27.4,45,61.6,69.4,74.3,78.6,79.5,39.1,51.1,88.4,129.7,149.1,160.2,156.7,170.7
308,Lucid,RH,18/05/2022 10:20,Easy,LHTZ,8,5.7,31.1,46.9,35.5,41.6,47.5,64.9,8.5,7.7,50.1,62.5,73.7,79.4,72.7,82.2,16.5,13.4,81.2,109.4,109.2,121,120.2,147.1
309,Lucid,RH,18/05/2022 10:20,Easy,LHTZ,22.8,8.5,36.5,44.7,62.2,70.3,57.4,71.6,7.9,29.4,48.8,66.9,77.8,70.3,78.5,84.4,30.7,37.9,85.3,111.6,140,140.6,135.9,156
310,Lucid,RH,18/05/2022 10:20,Easy,RHTZ,6.3,8.8,46.8,57.3,70.9,78,54.6,81.5,6.8,19.1,39.8,61.9,70.6,78.2,83.3,85.9,13.1,27.9,86.6,119.2,141.5,156.2,137.9,167.4
311,Lucid,RH,18/05/2022 10:20,Easy,RHTZ,5.9,8.4,6.7,7.2,6.9,6.4,6,83.9,2.8,9.8,33.2,54.8,68.9,72,0,72.4,8.7,18.2,39.9,62,75.8,78.4,6,156.3
312,Lucid,RH,18/05/2022 11:53,Easy,LHTZ,3.5,4.6,41.4,58.4,55.8,64.3,50.1,67.1,1,5.6,37,49.8,59.4,56.3,70.6,71,4.5,10.2,78.4,108.2,115.2,120.6,120.7,138.1
313,Lucid,RH,18/05/2022 11:53,Easy,LHTZ,9.9,22,5.9,6.1,7.2,7.3,18.8,92.6,0.2,61.3,61.8,0,0,0,0,92.3,10.1,83.3,67.7,6.1,7.2,7.3,18.8,184.9
314,Lucid,RH,18/05/2022 13:35,Easy,LHTZ,3.1,29.1,49.1,27.9,39.8,50.2,53.6,61,1.4,47.5,59,65.4,72.7,69.7,0,73.1,4.5,76.6,108.1,93.3,112.5,119.9,53.6,134.1
315,Lucid,RH,18/05/2022 13:35,Easy,LHTZ,8.9,6.1,8.2,5.1,6.9,9.1,6.7,82.6,3.8,37.2,64.9,80.2,0.6,0.4,0.4,82.3,12.7,43.3,73.1,85.3,7.5,9.5,7.1,164.9
316,Lucid,RH,18/05/2022 13:35,Easy,RHTZ,8.6,60.3,65.2,58.1,58.5,62.5,0,66.8,2.1,6,7.9,52.8,63.7,29.7,43.3,63.7,10.7,66.3,73.1,110.9,122.2,92.2,43.3,130.5
317,Lucid,RH,18/05/2022 13:35,Easy,RHTZ,2.7,38.1,64.1,80.8,0,0,0,85.4,3.9,41.1,56.1,61.4,2.6,3.7,2.9,70.6,6.6,79.2,120.2,142.2,2.6,3.7,2.9,156
318,Lucid,RH,18/05/2022 16:44,Easy,LHTZ,15.4,20.5,29.8,41.4,44.7,51.8,57.4,68.4,2.3,7.3,50.8,59.8,67.2,47.2,49,67.4,17.7,27.8,80.6,101.2,111.9,99,106.4,135.8
319,Lucid,RH,18/05/2022 16:44,Easy,LHTZ,9.2,16.1,24.7,31,38,44.4,46.7,48.5,0.2,9.2,30.5,39.1,47,30.7,32.7,48.7,9.4,25.3,55.2,70.1,85,75.1,79.4,97.2
320,Lucid,RH,18/05/2022 16:44,Easy,RHTZ,0.2,6.2,31.6,38.2,48.1,52.1,38.9,54.6,7.7,11.6,25.2,40.5,52.9,41.3,41.4,60.1,7.9,17.8,56.8,78.7,101,93.4,80.3,114.7
321,Lucid,RH,18/05/2022 16:44,Easy,RHTZ,0.2,18.1,36.4,44.3,50.1,55.7,57.9,58.6,6.2,14.7,22.6,29.1,41.7,49.9,58.4,63.1,6.4,32.8,59,73.4,91.8,105.6,116.3,121.7
322,Lucid,RH,27/05/2022 15:09,Easy,LHTZ,9.4,15.9,39,58.2,44.7,52.4,0,65.4,9,15.3,42,55.9,55.7,56.6,49.9,61.7,18.4,31.2,81,114.1,100.4,109,49.9,127.1
323,Lucid,RH,27/05/2022 15:09,Easy,LHTZ,7.8,7.4,27.9,39.6,43.7,47.9,0,48,9.5,17.6,33.2,46.6,55,59.3,43.7,60.1,17.3,25,61.1,86.2,98.7,107.2,43.7,108.1
324,Lucid,RH,27/05/2022 15:09,Easy,LHTZ,8.5,8.3,17.5,23.5,36.2,38,0,44,8.3,8.6,24,27.8,20.2,18.4,17.4,28.5,16.8,16.9,41.5,51.3,56.4,56.4,17.4,72.5
325,Lucid,RH,27/05/2022 15:09,Easy,LHTZ,5.2,8.1,25.8,34.1,41,39.7,41.9,47.3,8,18.6,27.3,27.3,24.6,25.1,26.6,41.3,13.2,26.7,53.1,61.4,65.6,64.8,68.5,88.6
326,Lucid,RH,13/06/2022 10:08,Easy,LHTZ,0.3,6.2,15.9,13.8,0,0,0,18.3,0.6,8.3,18.6,22.6,0,0,0,22.7,0.9,14.5,34.5,36.4,0,0,0,41
327,Lucid,RH,13/06/2022 10:08,Easy,LHTZ,1,9.3,15.3,17.4,0,0,0,17.7,2,7.7,16.2,20,0,0,0,20.5,3,17,31.5,37.4,0,0,0,38.2
328,Lucid,RH,13/06/2022 10:08,Easy,RHTZ,2,6.9,16,21.1,17.7,0,0,23.2,1.7,8.8,14.8,0,0,0,0,15.7,3.7,15.7,30.8,21.1,17.7,0,0,38.9
329,Lucid,RH,13/06/2022 10:08,Easy,RHTZ,2.1,6.5,9.2,15.3,17.4,18.9,20.1,21.3,3.2,9.3,11.8,0,0,0,0,12.6,5.3,15.8,21,15.3,17.4,18.9,20.1,33.9
330,Lucid,RH,13/06/2022 10:32,Easy,LHTZ,2,5.6,9.6,21.1,23.9,0,0,26.1,5.1,8.8,16.6,19.7,24.6,26.8,0,26.8,7.1,14.4,26.2,40.8,48.5,26.8,0,52.9
331,Lucid,RH,13/06/2022 10:32,Easy,LHTZ,2.1,5.9,9.9,16.1,18.6,21.9,22.9,24.7,5.6,9.7,9,17.9,20.8,22.5,23.5,24.9,7.7,15.6,18.9,34,39.4,44.4,46.4,49.6
332,Lucid,RH,14/06/2022 13:22,easy,LHTZ,16.5,22.2,38.7,64,75.1,79.9,89.9,96.1,5.9,9.6,61.6,78.8,80.1,87.3,72.3,87.5,22.4,31.8,100.3,142.8,155.2,167.2,162.2,183.6
333,Lucid,RH,14/06/2022 13:22,easy,LHTZ,8.3,20.1,35.4,56.8,67.1,73.5,60.1,79.4,6.1,9.6,52.4,72.9,61.5,68.1,74.9,93.5,14.4,29.7,87.8,129.7,128.6,141.6,135,172.9
334,Lucid,RH,14/06/2022 13:22,easy,LHTZ,18.4,26.1,38.4,55,60.1,66.7,53.7,68.3,6.3,8.8,45.6,66.5,82.4,72.9,77.9,83.9,24.7,34.9,84,121.5,142.5,139.6,131.6,152.2
335,Lucid,RH,14/06/2022 13:22,easy,LHTZ,18.6,23.1,37.4,56.4,65.7,66.8,20.2,68.5,9.7,9.8,45.4,63.7,75.1,78.7,82.9,89.1,28.3,32.9,82.8,120.1,140.8,145.5,103.1,157.6
336,Lucid,RH,15/06/2022 11:49,easy,LHTZ,2.8,9.7,30.2,38.2,42.6,51.8,53.2,56.3,1.9,6.7,8.3,56.2,19.5,25.5,29.5,58.1,4.7,16.4,38.5,94.4,62.1,77.3,82.7,114.4
337,Lucid,RH,15/06/2022 11:49,easy,RHTZ,0.2,5.7,54.1,66.5,68.2,27.7,31.2,71.2,1,9.2,26.5,40.3,54.6,0,0,65.1,1.2,14.9,80.6,106.8,122.8,27.7,31.2,136.3
338,Lucid,RH,15/06/2022 11:49,easy,LHTZ,8.6,9.5,25.9,41.9,48.6,54.3,57.2,60.3,2,7.3,43.6,65.6,74.8,34.7,44.3,75.7,10.6,16.8,69.5,107.5,123.4,89,101.5,136
339,Lucid,RH,15/06/2022 11:49,easy,RHTZ,1.9,9.8,53.7,62.8,31.1,37.1,44.2,65.5,15.5,22.5,27.7,40.5,51.3,46.9,52.5,60.1,17.4,32.3,81.4,103.3,82.4,84,96.7,125.6
340,Lucid,RH,15/06/2022 11:49,easy,RHTZ,2,7.5,51,68.3,71.9,60.4,66,72.1,2.7,30.9,45.2,55.1,52.2,47.6,0,63.1,4.7,38.4,96.2,123.4,124.1,108,66,135.2
341,Lucid,RH,15/06/2022 11:49,easy,LHTZ,7,6.2,22.2,38.3,39.8,45.7,51.1,58.6,0.2,9,9.3,64.2,50.3,53.6,56.4,69.1,7.2,15.2,31.5,102.5,90.1,99.3,107.5,127.7
342,Lucid,RH,15/06/2022 11:49,easy,LHTZ,4.3,8.7,24.6,39,49.1,50.8,54.6,59,3.5,7.6,28.6,62.8,74.2,76.3,78.5,87.2,7.8,16.3,53.2,101.8,123.3,127.1,133.1,146.2
343,Lucid,RH,15/06/2022 11:49,easy,LHTZ,2,7.4,7.2,7.4,7.7,8.4,50.1,55.2,6.1,6.7,35,63.1,76.7,59.9,0,77,8.1,14.1,42.2,70.5,84.4,68.3,50.1,132.2
344,Lucid,RH,15/06/2022 11:49,easy,LHTZ,8.6,9.8,22.7,34.6,41.9,45.9,47.5,48.8,5.2,7.1,38.6,57.9,0,0,0,71.1,13.8,16.9,61.3,92.5,41.9,45.9,47.5,119.9
345,Lucid,RH,15/06/2022 11:49,easy,LHTZ,9.2,7.3,34.5,44.8,50.3,31.6,32.2,52.5,8.8,6.8,30.2,60.8,78.8,52.8,52.1,79,18,14.1,64.7,105.6,129.1,84.4,84.3,131.5
346,Lucid,RH,15/06/2022 11:49,easy,LHTZ,5.3,7.8,34.8,35.8,50.5,42.7,0,50.6,4.1,8.1,32.5,61.5,76.4,79.7,52.3,79.7,9.4,15.9,67.3,97.3,126.9,122.4,52.3,130.3
347,Lucid,RH,15/06/2022 11:49,easy,LHTZ,5.2,18.7,28.4,37.2,41,35.9,39,49.2,9.8,8.2,55.3,56.7,72.4,79.1,50.2,80.2,15,26.9,83.7,93.9,113.4,115,89.2,129.4
348,Lucid,RH,15/06/2022 11:49,easy,LHTZ,7.1,7.2,31.5,36,45.7,42.5,0,45.7,4.5,8.4,25.2,50.5,64.9,60.5,46,67.6,11.6,15.6,56.7,86.5,110.6,103,46,113.3
349,Lucid,RH,15/06/2022 11:49,easy,LHTZ,8.2,7.9,29.4,37,45.4,0,0,46.3,5.8,7.9,48.3,71.6,56.7,0,0,79.1,14,15.8,77.7,108.6,102.1,0,0,125.4
350,Lucid,RH,15/06/2022 11:49,easy,LHTZ,6.1,8,7.9,8.3,8.6,9,9.4,46.7,6.8,9.3,6.7,6.3,72,77.5,5.1,77.6,12.9,17.3,14.6,14.6,80.6,86.5,14.5,124.3
351,Lucid,RH,15/06/2022 11:49,easy,LHTZ,9,13.3,22.6,37.8,41.6,45.6,45.4,52.3,5.4,9.7,9,9.3,8.7,7.8,7,74.3,14.4,23,31.6,47.1,50.3,53.4,52.4,126.6
352,Lucid,RH,15/06/2022 11:49,easy,LHTZ,1.8,9.2,8.2,9.4,36.5,11.5,19.9,40.2,5.5,8.7,33,60.9,49.1,0,0,71.3,7.3,17.9,41.2,70.3,85.6,11.5,19.9,111.5
353,Lucid,RH,15/06/2022 11:49,easy,RHTZ,9.7,8.6,50.6,61.7,65,52.8,55.7,69.4,6.2,16.7,30.8,43.7,54.2,43.9,44.6,60.2,15.9,25.3,81.4,105.4,119.2,96.7,100.3,129.6
354,Lucid,RH,15/06/2022 11:49,easy,RHTZ,3.6,6,5.4,57.8,5.7,5.4,4.9,65.3,3.2,17.9,31.4,42.8,52.5,46.1,0,60.1,6.8,23.9,36.8,100.6,58.2,51.5,4.9,125.4
355,Lucid,RH,15/06/2022 11:49,easy,RHTZ,3.8,8.7,41.9,62.2,68.5,74.5,57.7,74.5,8.1,17.2,30.7,43,48.6,56.4,60.9,61.6,11.9,25.9,72.6,105.2,117.1,130.9,118.6,136.1
356,Lucid,RH,15/06/2022 11:49,easy,RHTZ,6.3,8.6,36.1,49.9,56.7,59.7,61.7,62.1,3.7,17.2,29.1,40.5,45.2,45.4,0,50.6,10,25.8,65.2,90.4,101.9,105.1,61.7,112.7
357,Lucid,RH,15/06/2022 11:49,easy,RHTZ,6.5,7.5,34.2,51,59.1,56.3,53.4,59.9,14.8,21.4,32.6,40.2,48.2,41,0,55.3,21.3,28.9,66.8,91.2,107.3,97.3,53.4,115.2
358,Lucid,RH,15/06/2022 11:49,easy,RHTZ,8.7,8.3,31.6,60.7,74.5,85,58.5,85,2.9,9.9,24.6,34.4,44.2,55.7,0,58,11.6,18.2,56.2,95.1,118.7,140.7,58.5,143
359,Lucid,RH,15/06/2022 11:49,easy,RHTZ,4.4,8,43.7,58.7,44.1,55.1,62.1,65,5.2,11.3,26.3,37.5,42.9,55.2,0,56,9.6,19.3,70,96.2,87,110.3,62.1,121
360,Lucid,RH,15/06/2022 11:49,easy,RHTZ,3.1,8.9,40.1,57.9,68.8,60.5,62.9,70.8,7,17.5,27.8,35.4,50.4,34,36.8,52.4,10.1,26.4,67.9,93.3,119.2,94.5,99.7,123.2
361,Lucid,RH,15/06/2022 11:49,easy,RHTZ,5,9.8,45.9,62.4,74.1,81.8,60.7,82.7,3.9,16.8,26.1,35.5,44.3,57.3,0,58.1,8.9,26.6,72,97.9,118.4,139.1,60.7,140.8
362,Lucid,RH,15/06/2022 11:49,easy,RHTZ,7.2,9.6,33.7,54.8,46.7,52.6,55.4,70.9,7.6,21.9,26.9,32,43.5,0,0,48.9,14.8,31.5,60.6,86.8,90.2,52.6,55.4,119.8
363,Lucid,RH,15/06/2022 11:49,easy,RHTZ,8.1,8.5,28.4,54.5,64.2,59.7,63.8,70.2,6.9,12.9,21.6,31.2,45.4,0,0,48.5,15,21.4,50,85.7,109.6,59.7,63.8,118.7
364,Lucid,RH,16/06/2022 10:34,easy,LHTZ,0.1,6.7,7.9,26.1,32.3,27.6,22.6,32.3,3.7,7,22.8,44.8,59.6,53.6,55.7,60.8,3.8,13.7,30.7,70.9,91.9,81.2,78.3,93.1
365,Lucid,RH,16/06/2022 10:34,easy,LHTZ,0.1,8.3,6.9,9.1,25.1,27.7,24.4,31.3,3.6,7.8,26.5,47.7,57.8,63.1,47.6,63.8,3.7,16.1,33.4,56.8,82.9,90.8,72,95.1
366,Lucid,RH,16/06/2022 10:39,easy,LHTZ,8.8,7,30.8,37.7,43.4,50,39.5,51.8,6.6,7.5,20.7,58.6,61.7,41.7,43.5,64.9,15.4,14.5,51.5,96.3,105.1,91.7,83,116.7
367,Lucid,RH,16/06/2022 10:39,easy,LHTZ,6,9.7,30.6,40.9,48.4,48.3,50.1,50.7,9.7,16.9,29.3,50.7,60,64.9,41.5,64.9,15.7,26.6,59.9,91.6,108.4,113.2,91.6,115.6
368,Lucid,RH,16/06/2022 10:39,easy,LHTZ,9.3,7.9,26.8,34.8,42.1,43.7,45.3,45.4,9,8.3,42.6,52,53.3,0,0,58.6,18.3,16.2,69.4,86.8,95.4,43.7,45.3,104
369,Lucid,RH,16/06/2022 10:39,easy,LHTZ,17.5,22.5,22.3,23,24,30,33.8,45.3,6.3,9.5,9.4,8.7,9.1,12.4,14.7,63.7,23.8,32,31.7,31.7,33.1,42.4,48.5,109
370,Lucid,RH,16/06/2022 10:39,easy,LHTZ,4.8,9.8,27.6,35,40.7,42.9,45.6,47.5,8.5,22.1,45.3,44.1,55.8,58.7,67,70.8,13.3,31.9,72.9,79.1,96.5,101.6,112.6,118.3
371,Lucid,RH,16/06/2022 10:39,easy,LHTZ,4.7,9.4,32.8,41.4,29.5,34.8,38,46.2,9,9.2,8.7,9.6,8.5,8.2,8.3,75.7,13.7,18.6,41.5,51,38,43,46.3,121.9
372,Lucid,RH,16/06/2022 10:39,easy,LHTZ,5,9.2,27,33,40.2,43.9,45.3,48.4,8.6,20,35.2,58.1,72.6,85.9,65.1,87.4,13.6,29.2,62.2,91.1,112.8,129.8,110.4,135.8
373,Lucid,RH,16/06/2022 10:39,easy,LHTZ,3.8,14.1,28.5,37.8,43.2,44.9,0,46.1,9.8,17.6,31.4,49.4,67.7,76.1,81.5,81.7,13.6,31.7,59.9,87.2,110.9,121,81.5,127.8
374,Lucid,RH,16/06/2022 10:39,easy,LHTZ,3.3,7,22.1,26.5,31.8,35.6,39.4,42.4,7.2,15.9,24.5,34.3,46.2,54.2,25.3,54.8,10.5,22.9,46.6,60.8,78,89.8,64.7,97.2
375,Lucid,RH,16/06/2022 10:39,easy,LHTZ,11.7,8.3,29,36.8,42.5,38.3,40.9,47,9.5,21,9.4,9.7,9.2,71.3,55.5,73.6,21.2,29.3,38.4,46.5,51.7,109.6,96.4,120.6
376,Lucid,RH,16/06/2022 10:39,easy,LHTZ,3.4,8,27.8,35.9,41.2,35.4,36.3,41.7,6.4,8.6,28.3,41.9,40.1,46.3,50.3,60.7,9.8,16.6,56.1,77.8,81.3,81.7,86.6,102.4
377,Lucid,RH,16/06/2022 10:39,easy,LHTZ,5.8,14.7,22.8,31.5,35.7,39.1,41.5,44.7,4.7,7.1,22.5,30.8,39.4,46.5,52.6,57.3,10.5,21.8,45.3,62.3,75.1,85.6,94.1,102
378,Lucid,RH,16/06/2022 10:39,easy,LHTZ,13.6,16.6,18.3,20.6,26.2,28.8,33,46.2,6.4,14.3,18.6,23.1,27.5,32,36.3,51.7,20,30.9,36.9,43.7,53.7,60.8,69.3,97.9
379,Lucid,RH,16/06/2022 10:39,easy,RHTZ,14,17.2,9.8,9.7,55.3,57.5,9.9,67.7,13.8,19.5,37.1,44.5,52.1,32.9,37.7,53.9,27.8,36.7,46.9,54.2,107.4,90.4,47.6,121.6
380,Lucid,RH,16/06/2022 10:39,easy,RHTZ,1.1,13,11.7,12.6,12.3,13.5,11.9,48.7,0.3,5.9,6.6,6.6,6.8,6.6,6.9,50.7,1.4,18.9,18.3,19.2,19.1,20.1,18.8,99.4
381,Lucid,RH,16/06/2022 10:39,easy,LHTZ,18.8,20.8,25.2,27.9,31.4,34,37.8,50.8,14.9,16.9,24.1,33.3,39.1,45,49.2,74.2,33.7,37.7,49.3,61.2,70.5,79,87,125
382,Lucid,RH,16/06/2022 10:39,easy,LHTZ,5.6,9.9,16.2,25.7,31.4,36.6,37.3,42.8,9,6.1,8.4,6,6,52.6,58.3,64,14.6,16,24.6,31.7,37.4,89.2,95.6,106.8
383,Lucid,RH,16/06/2022 10:39,easy,LHTZ,5.1,9.2,14.2,15.8,23.9,22.9,22.9,42.7,7.4,7.3,16.1,31.8,21,18.4,19.8,32.8,12.5,16.5,30.3,47.6,44.9,41.3,42.7,75.5
384,Lucid,RH,16/06/2022 10:39,easy,LHTZ,9.1,9.4,20.6,28.3,32.3,35.1,38.2,40.6,7.6,5.6,6.4,5.2,41.3,4.4,5.9,41.4,16.7,15,27,33.5,73.6,39.5,44.1,82
385,Lucid,RH,16/06/2022 10:39,easy,LHTZ,6.3,7.2,20.9,33.8,40.9,39.4,44.6,51.6,3.6,9.1,31.3,41.2,0,0,0,42.9,9.9,16.3,52.2,75,40.9,39.4,44.6,94.5
386,Lucid,RH,16/06/2022 10:39,easy,LHTZ,4.2,9.1,9.6,26.2,32.5,35.8,37.2,46.2,6.1,14.8,32.1,40.1,47.3,50.2,0,50.5,10.3,23.9,41.7,66.3,79.8,86,37.2,96.7
387,Lucid,RH,12/07/2022 15:48,config1,LHTZ,2,9.2,29.9,44.9,48.8,55,56.5,57.6,5.6,9.9,27.7,50.9,64.4,72.8,74.8,74.8,7.6,19.1,57.6,95.8,113.2,127.8,131.3,132.4
388,Lucid,RH,12/07/2022 15:48,config1,RHTZ,5.5,7.1,47.3,57.1,66.5,73,79.3,89.3,1,6.8,36.4,47.5,56.1,59.8,62.2,63.2,6.5,13.9,83.7,104.6,122.6,132.8,141.5,152.5
389,Lucid,RH,13/07/2022 13:36,config1,LHTZ,5.8,8.3,25.8,42.4,50.8,56.9,43.3,57,8.5,7.9,46.4,63.7,68,73.7,60.5,74.3,14.3,16.2,72.2,106.1,118.8,130.6,103.8,131.3
390,Lucid,RH,13/07/2022 13:36,config1,RHTZ,4.3,8.2,45.6,52.3,62.5,71.6,71,79,2.4,7.7,38.2,53.2,61.7,69.9,55.8,70.3,6.7,15.9,83.8,105.5,124.2,141.5,126.8,149.3
391,Lucid,RH,13/07/2022 13:36,config1,LHTZ,7.5,8.3,26.2,39.9,54.1,45.6,48.5,56.2,6.8,8.4,48.5,67.2,76.1,76.2,60.2,77.3,14.3,16.7,74.7,107.1,130.2,121.8,108.7,133.5
392,Lucid,RH,13/07/2022 13:36,config1,RHTZ,4.8,9.6,43.1,67.4,77.1,84,55.8,84,3,8.7,41.4,56,62.5,50,52.8,67.2,7.8,18.3,84.5,123.4,139.6,134,108.6,151.2
393,Lucid,RH,13/07/2022 13:36,config1,LHTZ,2.3,8.8,31,42.3,49.4,52.1,32.8,54.9,7.8,5.1,5.5,59.4,75.4,81.5,75.5,81.5,10.1,13.9,36.5,101.7,124.8,133.6,108.3,136.4
394,Lucid,RH,13/07/2022 13:36,config1,RHTZ,7.2,9.2,27.4,58,73.2,69.8,78,89.3,3.4,9,45.5,55.7,40,44.2,49.5,65,10.6,18.2,72.9,113.7,113.2,114,127.5,154.3
395,Lucid,RH,18/07/2022 09:54,easy early,LHTZ,5.6,7.4,23.4,36.9,50.3,54.2,59.5,62.5,8.8,17.3,42.3,65.5,68,76,80.1,88.1,14.4,24.7,65.7,102.4,118.3,130.2,139.6,150.6
396,Lucid,RH,18/07/2022 09:54,easy early,RHTZ,7,9.1,47.5,65.2,77.3,87.4,82.8,96.4,8.4,12.5,38.4,55.8,61.4,68.3,41.2,69.3,15.4,21.6,85.9,121,138.7,155.7,124,165.7
397,Lucid,RH,18/07/2022 09:54,easy early,LHTZ,5.4,9.5,39.2,46.7,53.9,58,62.2,65.7,7.2,14.9,41.7,65.3,77.8,82.6,87.7,92.1,12.6,24.4,80.9,112,131.7,140.6,149.9,157.8
398,Lucid,RH,18/07/2022 09:54,easy early,RHTZ,8,8.3,26.8,60.9,74.5,79.2,80.8,94.2,4.9,8.6,38.9,54,64.6,68.2,71.4,71.4,12.9,16.9,65.7,114.9,139.1,147.4,152.2,165.6
399,Lucid,RH,18/07/2022 09:54,easy early,LHTZ,10.1,8.5,35,46.1,51.5,56.2,58.6,62.5,8.7,9.4,43.7,68.3,79.3,73.9,75.3,94.4,18.8,17.9,78.7,114.4,130.8,130.1,133.9,156.9
400,Lucid,RH,18/07/2022 09:54,easy early,RHTZ,7.5,9.4,36.8,65.1,76.3,77.9,56.1,89.4,2.2,9.5,39.1,52,60.6,64.3,67.3,68,9.7,18.9,75.9,117.1,136.9,142.2,123.4,157.4
401,Lucid,RH,18/07/2022 09:54,easy early,LHTZ,7.9,8.5,29.4,51.4,56.1,61.4,63.7,68.8,5.6,9.1,51.3,74.8,84.7,88.4,90.4,93,13.5,17.6,80.7,126.2,140.8,149.8,154.1,161.8
402,Lucid,RH,18/07/2022 09:54,easy early,RHTZ,5.5,8.2,48.8,67.4,74.2,78,79.8,81.6,11.3,8.9,35,51.5,57.7,63,65.7,67,16.8,17.1,83.8,118.9,131.9,141,145.5,148.6
403,Lucid,RH,18/07/2022 09:54,easy early,LHTZ,6.8,8.6,41.1,49.2,55.2,58,58.2,61.6,5.6,7.5,7.7,7.7,75.3,82,87.1,89.7,12.4,16.1,48.8,56.9,130.5,140,145.3,151.3
404,Lucid,RH,18/07/2022 09:54,easy early,RHTZ,7.7,9.7,32.8,60.4,9.9,79,82.3,94.6,8.2,8.5,33.8,52.7,59.3,38.5,42.6,62.5,15.9,18.2,66.6,113.1,69.2,117.5,124.9,157.1
405,Lucid,RH,18/07/2022 09:54,easy early,LHTZ,8.6,7.2,29.1,49.4,59.6,63.9,67.8,69.8,8.1,8.9,43.1,71.4,83.3,88.4,90.2,95.1,16.7,16.1,72.2,120.8,142.9,152.3,158,164.9
406,Lucid,RH,18/07/2022 09:54,easy early,RHTZ,7.3,16.7,60,74.8,86.6,89.9,92.9,96.1,7,16.2,39.7,58.7,69.9,73.1,77.2,77.9,14.3,32.9,99.7,133.5,156.5,163,170.1,174
407,Lucid,RH,28/07/2022 10:25,config1,LHTZ,8.3,11.6,17.3,26.2,34.7,40.3,46.7,60.4,13.1,16.5,23.4,32.9,42.9,51,58.8,74.6,21.4,28.1,40.7,59.1,77.6,91.3,105.5,135
408,Lucid,RH,28/07/2022 10:25,config1,RHTZ,15.9,19.3,24.7,28.5,30.5,33.6,36.9,72.2,10.2,14.9,19.5,24.1,27.7,30.7,32.8,51,26.1,34.2,44.2,52.6,58.2,64.3,69.7,123.2
409,Lucid,RH,28/07/2022 10:25,config1,LHTZ,6.2,9.9,13.4,16.2,20,24.8,28.4,57,19.1,25.2,29.4,33.2,38,41.2,43.7,72,25.3,35.1,42.8,49.4,58,66,72.1,129
410,Lucid,RH,28/07/2022 10:25,config1,LHTZ,19.6,25.1,29.4,32.9,34.3,36.1,38.7,48.5,20.8,22.4,28.5,33.5,38.6,43.9,47.6,58.4,40.4,47.5,57.9,66.4,72.9,80,86.3,106.9
411,Lucid,RH,28/07/2022 10:25,config1,RHTZ,17.5,20.8,24,29.2,33.2,37.2,37.6,52.9,5,8.1,11.3,15.7,20.5,28.6,29.3,49.9,22.5,28.9,35.3,44.9,53.7,65.8,66.9,102.8
412,Lucid,RH,04/08/2022 13:18,config1,LHTZ,9.6,9.7,26,38.8,49.6,55.6,59.1,60.7,8.3,9.9,29.6,52.7,58.6,63,67,73.4,17.9,19.6,55.6,91.5,108.2,118.6,126.1,134.1
413,Lucid,RH,22/08/2022 09:40,config1,LHTZ,1.9,7.3,23.9,45.8,56.4,48.9,45.9,57.1,5.8,16.8,35.7,41,42.3,0,0,44.6,7.7,24.1,59.6,86.8,98.7,48.9,45.9,101.7
414,Lucid,RH,22/08/2022 09:40,config1,LHTZ,5.1,9,17.9,33.9,46,55.2,57.5,64.2,9.1,17,32.4,44.1,43.3,0,0,44.8,14.2,26,50.3,78,89.3,55.2,57.5,109
415,Lucid,RH,23/08/2022 10:47,50m sprint test (LHTZ),LHTZ,8.6,8.7,25.3,49.3,56.7,62.5,62.8,73.8,3.8,20.1,31.5,50.8,57.3,65,63.5,75.4,12.4,28.8,56.8,100.1,114,127.5,126.3,149.2
416,Lucid,RH,23/08/2022 10:47,50m sprint test (LHTZ),LHTZ,2.4,7.5,30.8,49.5,53.4,62.3,62.1,68.9,3,18,41.9,50.8,61.1,61.5,62.8,70.9,5.4,25.5,72.7,100.3,114.5,123.8,124.9,139.8
417,Lucid,RH,24/08/2022 13:53,config1,LHTZ,5,20.1,48.1,41.8,55.7,58.2,58.4,67,5,20.1,48.1,41.8,55.7,58.2,58.4,67,10,40.2,96.2,83.6,111.4,116.4,116.8,134
418,Lucid,RH,24/08/2022 13:53,config1,LHTZ,8.4,17.1,40.7,52.8,58.2,60.1,58.5,65.1,8.4,17.1,40.7,52.8,58.2,60.1,58.5,65.1,16.8,34.2,81.4,105.6,116.4,120.2,117,130.2
419,Lucid,RH,24/08/2022 14:34,easy early,LHTZ,1.3,8.2,40.3,53.8,60.9,64.9,64.9,69.3,1.9,9,43.3,53.6,62.4,65,64.8,70.8,3.2,17.2,83.6,107.4,123.3,129.9,129.7,140.1
420,Lucid,RH,24/08/2022 14:34,easy early,LHTZ,0.5,4.4,41.2,49.1,61.1,66.4,66,68.8,1,18.5,47.4,49.6,62.1,65,67.6,70.8,1.5,22.9,88.6,98.7,123.2,131.4,133.6,139.6
421,Lucid,RH,25/08/2022 09:52,config1,LHTZ,5.6,9,26,48.9,54.7,58.5,61.6,63.3,9.3,14.2,33.2,59.5,71.2,79,83.5,93.9,14.9,23.2,59.2,108.4,125.9,137.5,145.1,157.2
422,Lucid,RH,08/09/2022 10:37,sprint fatigue 8-9-22,LHTZ,3.3,20.9,35.5,40.9,53.8,57.3,0,67.6,9.9,18.5,30.2,45.9,58.6,65.1,0,96.5,13.2,39.4,65.7,86.8,112.4,122.4,0,164.1
423,Lucid,RH,08/09/2022 10:37,sprint fatigue 8-9-22,RHTZ,6.3,13.7,52.8,70.2,81.7,87.1,0,99.6,9.6,20.2,43.8,61,68.6,72.9,0,76.8,15.9,33.9,96.6,131.2,150.3,160,0,176.4
424,Lucid,RH,14/09/2022 11:20,sprint fatigue 8-9-22,LHTZ,6.7,19.2,23.3,37,49.5,55.8,0,58.1,4.9,8.7,18.7,35,41,53.2,0,53.2,11.6,27.9,42,72,90.5,109,0,111.3
425,Lucid,RH,14/09/2022 11:20,sprint fatigue 8-9-22,RHTZ,4.9,8.8,9.4,19.4,26,29.2,0,48.7,3.6,8.4,16.9,23.3,29,30.4,0,62.2,8.5,17.2,26.3,42.7,55,59.6,0,110.9
426,Lucid,RH,14/09/2022 11:20,sprint fatigue 8-9-22,LHTZ,8.2,6.2,19.1,22.6,29.7,32.2,0,48.1,8.4,4.5,8.4,31.3,41.4,48.6,0,49.3,16.6,10.7,27.5,53.9,71.1,80.8,0,97.4
427,Lucid,RH,14/09/2022 11:20,sprint fatigue 8-9-22,RHTZ,0.6,5,16.8,29.8,37.3,40.2,0,44.1,7.9,8,18.8,25.3,31.7,38.7,0,65.7,8.5,13,35.6,55.1,69,78.9,0,109.8
428,Lucid,RH,14/09/2022 11:20,sprint fatigue 8-9-22,LHTZ,4.3,9.3,9.2,31.8,38.1,38.1,0,41.2,8.3,5.9,19.9,24.2,27.5,32.3,0,36.1,12.6,15.2,29.1,56,65.6,70.4,0,77.3
429,Lucid,RH,14/09/2022 11:20,sprint fatigue 8-9-22,RHTZ,5,8.2,11.2,15.3,17.8,20.9,0,34.8,7.3,11.2,14.3,22.1,26.6,30.8,0,49,12.3,19.4,25.5,37.4,44.4,51.7,0,83.8
430,Lucid,RH,14/09/2022 11:20,sprint fatigue 8-9-22,LHTZ,6.1,13.5,17,19.9,24.9,26.7,0,32.3,4.5,9.6,6.3,8.4,23.7,26.5,0,29.5,10.6,23.1,23.3,28.3,48.6,53.2,0,61.8
431,Lucid,RH,14/09/2022 11:20,sprint fatigue 8-9-22,RHTZ,5.4,16.5,20.3,27.4,34.2,36.3,0,59.7,9,13.2,18.4,23,29.2,34.9,0,47,14.4,29.7,38.7,50.4,63.4,71.2,0,106.7
432,Lucid,RH,14/09/2022 11:20,sprint fatigue 8-9-22,LHTZ,5.8,6.3,16.3,25.5,34.8,42.4,0,54.9,8.8,9.1,24.2,28.9,33.3,35.6,0,35.6,14.6,15.4,40.5,54.4,68.1,78,0,90.5
433,Lucid,RH,14/09/2022 11:20,sprint fatigue 8-9-22,LHTZ,0.7,7,29.3,39.2,44.3,39.6,0,44.6,1.4,11.3,21.1,26.9,32.4,36.4,0,47.3,2.1,18.3,50.4,66.1,76.7,76,0,91.9
434,Lucid,RH,14/09/2022 11:20,sprint fatigue 8-9-22,RHTZ,1.3,5.6,15.8,21.3,26.9,21.5,0,43.9,3.4,7.1,10.4,13.6,17.9,23.1,0,39.8,4.7,12.7,26.2,34.9,44.8,44.6,0,83.7
435,Lucid,Ruari Hodgin,30/03/2022 11:44,3,LHTZ,0.2,8.7,48.9,62.2,65.4,75.3,83.3,98.8,2.3,8.9,54,74.7,82.5,92.2,97.3,92,2.5,17.6,102.9,136.9,147.9,167.5,180.6,190.8
436,Lucid,Ruari Hodgin,30/03/2022 11:44,3,RHTZ,1.7,6,75.6,69.4,82.2,37.9,45.8,84.4,2.8,8.4,9.7,36.4,53.3,66.8,71,74.9,4.5,14.4,85.3,105.8,135.5,104.7,116.8,159.3
437,Lucid,Ruari Hodgin,30/03/2022 11:57,3,LHTZ,2,6.5,18.3,34.1,48.6,66.6,53.6,74,5.7,8.7,61.1,78.7,85.9,97.9,99.9,89.6,7.7,15.2,79.4,112.8,134.5,164.5,153.5,163.6
438,Lucid,Ruari Hodgin,30/03/2022 11:57,3,RHTZ,0.1,8.1,59.3,73.9,84.6,79.5,72.1,89.1,2.2,5.3,9,24,37.8,49.1,59.6,72.1,2.3,13.4,68.3,97.9,122.4,128.6,131.7,161.2
439,Lucid,Ruari Hodgin,30/03/2022 12:30,3,LHTZ,3.2,7.3,15.9,34.5,49.8,50.9,56.2,67.6,8.1,4.7,19.5,44,73.2,83.8,91.4,98.5,11.3,12,35.4,78.5,123,134.7,147.6,166.1
440,Lucid,Ruari Hodgin,30/03/2022 12:32,3,LHTZ,0.2,8.1,23.4,42.5,50,55.5,57.8,65.9,8.5,17.7,42.3,59.5,67.3,74.8,80.8,97,8.7,25.8,65.7,102,117.3,130.3,138.6,162.9
441,Lucid,Ruari Hodgin,30/03/2022 12:32,3,RHTZ,2.6,7.3,20.9,41.8,67.4,82.4,87.9,99.1,10.7,5.5,19.4,27,38.1,51.8,62.5,70.9,13.3,12.8,40.3,68.8,105.5,134.2,150.4,170
442,Lucid,Tom Holliday,26/08/2022 11:21,Baseline th,LHTZ,7.8,18.3,44.4,70.5,75.8,78.9,78.9,86,10.6,13.3,17.2,21.3,27.9,33.3,39.5,81.1,18.4,31.6,61.6,91.8,103.7,112.2,118.4,167.1
443,Lucid,Tom Holliday,26/08/2022 11:21,Baseline th,RHTZ,9.8,22.7,32.7,60.4,58,56.1,59.3,79.2,18.9,24,66.8,89.3,90,80.1,78.6,94.3,28.7,46.7,99.5,149.7,148,136.2,137.9,173.5
444,Lucid,Tom Holliday,26/08/2022 11:21,Baseline th,RHTZ,23.4,26.4,31.3,53.1,66.8,69.4,68.3,81,20.9,24.3,36.4,55,66.8,80.2,75.8,80.8,44.3,50.7,67.7,108.1,133.6,149.6,144.1,161.8
